utc,beijing,status,latency_ms
2026-08-05T13:37:45.5547065Z,2026-08-05T21:37:45.5547065,success,0
2026-08-05T13:37:46.5610918Z,2026-08-05T21:37:46.5610918,success,0
2026-08-05T13:37:47.5616618Z,2026-08-05T21:37:47.5616618,success,0
2026-08-05T13:37:48.5625938Z,2026-08-05T21:37:48.5625938,success,0
2026-08-05T13:37:49.5632428Z,2026-08-05T21:37:49.5632428,success,0
2026-08-05T13:37:50.5633121Z,2026-08-05T21:37:50.5633121,success,0
2026-08-05T13:37:51.5644535Z,2026-08-05T21:37:51.5644535,success,0
2026-08-05T13:37:52.5652680Z,2026-08-05T21:37:52.5652680,success,0
2026-08-05T13:37:53.5654921Z,2026-08-05T21:37:53.5654921,success,0
2026-08-05T13:37:54.5655368Z,2026-08-05T21:37:54.5655368,success,0
2026-08-05T13:37:55.5781887Z,2026-08-05T21:37:55.5781887,success,0
2026-08-05T13:37:56.5789430Z,2026-08-05T21:37:56.5789430,success,0
2026-08-05T13:37:57.5796193Z,2026-08-05T21:37:57.5796193,success,0
2026-08-05T13:37:58.5800096Z,2026-08-05T21:37:58.5800096,success,0
2026-08-05T13:38:01.0083504Z,2026-08-05T21:38:01.0083504,success,0
2026-08-05T13:38:02.0198712Z,2026-08-05T21:38:02.0198712,success,0
2026-08-05T13:38:03.3461454Z,2026-08-05T21:38:03.3461454,success,0
2026-08-05T13:38:04.6271048Z,2026-08-05T21:38:04.6271048,success,0
2026-08-05T13:38:05.6369281Z,2026-08-05T21:38:05.6369281,success,0
2026-08-05T13:38:06.6371571Z,2026-08-05T21:38:06.6371571,success,0
2026-08-05T13:38:07.6391409Z,2026-08-05T21:38:07.6391409,success,0
2026-08-05T13:38:08.6408754Z,2026-08-05T21:38:08.6408754,success,0
2026-08-05T13:38:09.6426275Z,2026-08-05T21:38:09.6426275,success,0
2026-08-05T13:38:10.6433151Z,2026-08-05T21:38:10.6433151,success,0
2026-08-05T13:38:11.6448440Z,2026-08-05T21:38:11.6448440,success,0
2026-08-05T13:38:12.6460505Z,2026-08-05T21:38:12.6460505,success,0
2026-08-05T13:38:13.6477425Z,2026-08-05T21:38:13.6477425,success,0
2026-08-05T13:38:14.6489114Z,2026-08-05T21:38:14.6489114,success,0
2026-08-05T13:38:15.6492933Z,2026-08-05T21:38:15.6492933,success,0
2026-08-05T13:38:16.6505253Z,2026-08-05T21:38:16.6505253,success,0
2026-08-05T13:38:17.6520670Z,2026-08-05T21:38:17.6520670,success,0
2026-08-05T13:38:18.6531701Z,2026-08-05T21:38:18.6531701,success,0
2026-08-05T13:38:19.6542562Z,2026-08-05T21:38:19.6542562,success,0
2026-08-05T13:38:20.6560256Z,2026-08-05T21:38:20.6560256,success,0
2026-08-05T13:38:21.6570668Z,2026-08-05T21:38:21.6570668,success,0
2026-08-05T13:38:22.6587498Z,2026-08-05T21:38:22.6587498,success,0
2026-08-05T13:38:23.6597993Z,2026-08-05T21:38:23.6597993,success,0
2026-08-05T13:38:24.6603511Z,2026-08-05T21:38:24.6603511,success,0
2026-08-05T13:38:25.6756456Z,2026-08-05T21:38:25.6756456,success,0
2026-08-05T13:38:26.6776117Z,2026-08-05T21:38:26.6776117,success,0
2026-08-05T13:38:27.6794874Z,2026-08-05T21:38:27.6794874,success,0
2026-08-05T13:38:28.6798325Z,2026-08-05T21:38:28.6798325,success,0
2026-08-05T13:38:29.6811119Z,2026-08-05T21:38:29.6811119,success,0
2026-08-05T13:38:30.6826261Z,2026-08-05T21:38:30.6826261,success,0
2026-08-05T13:38:31.6838660Z,2026-08-05T21:38:31.6838660,success,0
2026-08-05T13:38:32.6857178Z,2026-08-05T21:38:32.6857178,success,0
2026-08-05T13:38:33.6870518Z,2026-08-05T21:38:33.6870518,success,0
2026-08-05T13:38:34.6890065Z,2026-08-05T21:38:34.6890065,success,0
2026-08-05T13:38:35.6902172Z,2026-08-05T21:38:35.6902172,success,0
2026-08-05T13:38:36.6913343Z,2026-08-05T21:38:36.6913343,success,0
2026-08-05T13:38:37.6931379Z,2026-08-05T21:38:37.6931379,success,0
2026-08-05T13:38:38.6949176Z,2026-08-05T21:38:38.6949176,success,0
2026-08-05T13:38:39.6967573Z,2026-08-05T21:38:39.6967573,success,0
2026-08-05T13:38:40.6969036Z,2026-08-05T21:38:40.6969036,success,0
2026-08-05T13:38:41.6980125Z,2026-08-05T21:38:41.6980125,success,0
2026-08-05T13:38:42.6995447Z,2026-08-05T21:38:42.6995447,success,0
2026-08-05T13:38:43.7002331Z,2026-08-05T21:38:43.7002331,success,0
2026-08-05T13:38:44.7013821Z,2026-08-05T21:38:44.7013821,success,0
2026-08-05T13:38:45.7019882Z,2026-08-05T21:38:45.7019882,success,0
2026-08-05T13:38:46.7033056Z,2026-08-05T21:38:46.7033056,success,0
2026-08-05T13:38:47.7045662Z,2026-08-05T21:38:47.7045662,success,0
2026-08-05T13:38:48.7050459Z,2026-08-05T21:38:48.7050459,success,0
2026-08-05T13:38:49.7052479Z,2026-08-05T21:38:49.7052479,success,0
2026-08-05T13:38:50.7061811Z,2026-08-05T21:38:50.7061811,success,0
2026-08-05T13:38:51.7079903Z,2026-08-05T21:38:51.7079903,success,0
2026-08-05T13:38:52.7098361Z,2026-08-05T21:38:52.7098361,success,0
2026-08-05T13:38:53.7114805Z,2026-08-05T21:38:53.7114805,success,0
2026-08-05T13:38:54.7129538Z,2026-08-05T21:38:54.7129538,success,0
2026-08-05T13:38:55.7131819Z,2026-08-05T21:38:55.7131819,success,0
2026-08-05T13:38:56.7143623Z,2026-08-05T21:38:56.7143623,success,0
2026-08-05T13:38:57.7153772Z,2026-08-05T21:38:57.7153772,success,0
2026-08-05T13:38:58.7164720Z,2026-08-05T21:38:58.7164720,success,0
2026-08-05T13:38:59.7179991Z,2026-08-05T21:38:59.7179991,success,0
2026-08-05T13:39:00.7193153Z,2026-08-05T21:39:00.7193153,success,0
2026-08-05T13:39:01.7211643Z,2026-08-05T21:39:01.7211643,success,0
2026-08-05T13:39:02.7220978Z,2026-08-05T21:39:02.7220978,success,0
2026-08-05T13:39:03.7234894Z,2026-08-05T21:39:03.7234894,success,0
2026-08-05T13:39:04.7250847Z,2026-08-05T21:39:04.7250847,success,0
2026-08-05T13:39:05.7263127Z,2026-08-05T21:39:05.7263127,success,0
2026-08-05T13:39:06.7278473Z,2026-08-05T21:39:06.7278473,success,0
2026-08-05T13:39:07.7291269Z,2026-08-05T21:39:07.7291269,success,0
2026-08-05T13:39:08.7298332Z,2026-08-05T21:39:08.7298332,success,0
2026-08-05T13:39:09.7310770Z,2026-08-05T21:39:09.7310770,success,0
2026-08-05T13:39:10.7322529Z,2026-08-05T21:39:10.7322529,success,0
2026-08-05T13:39:11.7332639Z,2026-08-05T21:39:11.7332639,success,0
2026-08-05T13:39:12.7350663Z,2026-08-05T21:39:12.7350663,success,0
2026-08-05T13:39:13.7367609Z,2026-08-05T21:39:13.7367609,success,0
2026-08-05T13:39:14.7368119Z,2026-08-05T21:39:14.7368119,success,0
2026-08-05T13:39:15.7385088Z,2026-08-05T21:39:15.7385088,success,0
2026-08-05T13:39:16.7391549Z,2026-08-05T21:39:16.7391549,success,0
2026-08-05T13:39:17.7397544Z,2026-08-05T21:39:17.7397544,success,0
2026-08-05T13:39:18.7412330Z,2026-08-05T21:39:18.7412330,success,0
2026-08-05T13:39:19.7423832Z,2026-08-05T21:39:19.7423832,success,0
2026-08-05T13:39:20.7440888Z,2026-08-05T21:39:20.7440888,success,0
2026-08-05T13:39:21.7456391Z,2026-08-05T21:39:21.7456391,success,0
2026-08-05T13:39:22.7463368Z,2026-08-05T21:39:22.7463368,success,0
2026-08-05T13:39:23.7478204Z,2026-08-05T21:39:23.7478204,success,0
2026-08-05T13:39:24.7492368Z,2026-08-05T21:39:24.7492368,success,0
2026-08-05T13:39:25.7493821Z,2026-08-05T21:39:25.7493821,success,0
2026-08-05T13:39:26.7496297Z,2026-08-05T21:39:26.7496297,success,0
2026-08-05T13:39:27.7497245Z,2026-08-05T21:39:27.7497245,success,0
2026-08-05T13:39:28.7510508Z,2026-08-05T21:39:28.7510508,success,0
2026-08-05T13:39:29.7528902Z,2026-08-05T21:39:29.7528902,success,0
2026-08-05T13:39:30.7536184Z,2026-08-05T21:39:30.7536184,success,0
2026-08-05T13:39:31.7555768Z,2026-08-05T21:39:31.7555768,success,0
2026-08-05T13:39:32.7569320Z,2026-08-05T21:39:32.7569320,success,0
2026-08-05T13:39:33.7579771Z,2026-08-05T21:39:33.7579771,success,0
2026-08-05T13:39:34.7599714Z,2026-08-05T21:39:34.7599714,success,0
2026-08-05T13:39:35.7601954Z,2026-08-05T21:39:35.7601954,success,0
2026-08-05T13:39:36.7612314Z,2026-08-05T21:39:36.7612314,success,0
2026-08-05T13:39:37.7623853Z,2026-08-05T21:39:37.7623853,success,0
2026-08-05T13:39:38.7643712Z,2026-08-05T21:39:38.7643712,success,0
2026-08-05T13:39:39.7661890Z,2026-08-05T21:39:39.7661890,success,0
2026-08-05T13:39:40.7665902Z,2026-08-05T21:39:40.7665902,success,0
2026-08-05T13:39:41.7681653Z,2026-08-05T21:39:41.7681653,success,0
2026-08-05T13:39:42.7700999Z,2026-08-05T21:39:42.7700999,success,0
2026-08-05T13:39:43.7715689Z,2026-08-05T21:39:43.7715689,success,0
2026-08-05T13:39:44.7728077Z,2026-08-05T21:39:44.7728077,success,0
2026-08-05T13:39:45.7743048Z,2026-08-05T21:39:45.7743048,success,0
2026-08-05T13:39:46.7757302Z,2026-08-05T21:39:46.7757302,success,0
2026-08-05T13:39:47.7767868Z,2026-08-05T21:39:47.7767868,success,0
2026-08-05T13:39:48.7774625Z,2026-08-05T21:39:48.7774625,success,0
2026-08-05T13:39:49.7778116Z,2026-08-05T21:39:49.7778116,success,0
2026-08-05T13:39:50.7789918Z,2026-08-05T21:39:50.7789918,success,0
2026-08-05T13:39:51.7806376Z,2026-08-05T21:39:51.7806376,success,0
2026-08-05T13:39:52.7826174Z,2026-08-05T21:39:52.7826174,success,0
2026-08-05T13:39:53.7837550Z,2026-08-05T21:39:53.7837550,success,0
2026-08-05T13:39:54.7839153Z,2026-08-05T21:39:54.7839153,success,0
2026-08-05T13:39:55.7857134Z,2026-08-05T21:39:55.7857134,success,0
2026-08-05T13:39:56.7875768Z,2026-08-05T21:39:56.7875768,success,0
2026-08-05T13:39:57.7890167Z,2026-08-05T21:39:57.7890167,success,0
2026-08-05T13:39:58.8344718Z,2026-08-05T21:39:58.8344718,success,0
2026-08-05T13:39:59.8357277Z,2026-08-05T21:39:59.8357277,success,0
2026-08-05T13:40:01.9064608Z,2026-08-05T21:40:01.9064608,success,0
2026-08-05T13:40:03.1107633Z,2026-08-05T21:40:03.1107633,success,0
2026-08-05T13:40:04.1183153Z,2026-08-05T21:40:04.1183153,success,0
2026-08-05T13:40:05.1336125Z,2026-08-05T21:40:05.1336125,success,0
2026-08-05T13:40:06.1351331Z,2026-08-05T21:40:06.1351331,success,0
2026-08-05T13:40:07.1353338Z,2026-08-05T21:40:07.1353338,success,0
2026-08-05T13:40:08.1370259Z,2026-08-05T21:40:08.1370259,success,0
2026-08-05T13:40:09.1381256Z,2026-08-05T21:40:09.1381256,success,0
2026-08-05T13:40:10.1394429Z,2026-08-05T21:40:10.1394429,success,0
2026-08-05T13:40:11.1395726Z,2026-08-05T21:40:11.1395726,success,0
2026-08-05T13:40:12.1411089Z,2026-08-05T21:40:12.1411089,success,0
2026-08-05T13:40:13.1422166Z,2026-08-05T21:40:13.1422166,success,0
2026-08-05T13:40:14.1433832Z,2026-08-05T21:40:14.1433832,success,0
2026-08-05T13:40:15.1452289Z,2026-08-05T21:40:15.1452289,success,0
2026-08-05T13:40:16.1472185Z,2026-08-05T21:40:16.1472185,success,0
2026-08-05T13:40:17.1492114Z,2026-08-05T21:40:17.1492114,success,0
2026-08-05T13:40:18.1506693Z,2026-08-05T21:40:18.1506693,success,0
2026-08-05T13:40:19.1523397Z,2026-08-05T21:40:19.1523397,success,0
2026-08-05T13:40:20.1535754Z,2026-08-05T21:40:20.1535754,success,0
2026-08-05T13:40:21.1554510Z,2026-08-05T21:40:21.1554510,success,0
2026-08-05T13:40:22.1565974Z,2026-08-05T21:40:22.1565974,success,0
2026-08-05T13:40:23.1579505Z,2026-08-05T21:40:23.1579505,success,0
2026-08-05T13:40:24.1599133Z,2026-08-05T21:40:24.1599133,success,0
2026-08-05T13:40:25.1613345Z,2026-08-05T21:40:25.1613345,success,0
2026-08-05T13:40:26.1617363Z,2026-08-05T21:40:26.1617363,success,0
2026-08-05T13:40:27.1636371Z,2026-08-05T21:40:27.1636371,success,0
2026-08-05T13:40:28.1654502Z,2026-08-05T21:40:28.1654502,success,0
2026-08-05T13:40:29.1669654Z,2026-08-05T21:40:29.1669654,success,0
2026-08-05T13:40:30.1681478Z,2026-08-05T21:40:30.1681478,success,0
2026-08-05T13:40:31.1694114Z,2026-08-05T21:40:31.1694114,success,0
2026-08-05T13:40:32.1708911Z,2026-08-05T21:40:32.1708911,success,0
2026-08-05T13:40:33.1726045Z,2026-08-05T21:40:33.1726045,success,0
2026-08-05T13:40:34.1739854Z,2026-08-05T21:40:34.1739854,success,0
2026-08-05T13:40:35.1751680Z,2026-08-05T21:40:35.1751680,success,0
2026-08-05T13:40:36.1764666Z,2026-08-05T21:40:36.1764666,success,0
2026-08-05T13:40:37.1783549Z,2026-08-05T21:40:37.1783549,success,0
2026-08-05T13:40:38.1795310Z,2026-08-05T21:40:38.1795310,success,0
2026-08-05T13:40:39.1953017Z,2026-08-05T21:40:39.1953017,success,0
2026-08-05T13:40:40.1967363Z,2026-08-05T21:40:40.1967363,success,0
2026-08-05T13:40:41.1968380Z,2026-08-05T21:40:41.1968380,success,0
2026-08-05T13:40:42.1972643Z,2026-08-05T21:40:42.1972643,success,0
2026-08-05T13:40:43.1986690Z,2026-08-05T21:40:43.1986690,success,0
2026-08-05T13:40:44.1986933Z,2026-08-05T21:40:44.1986933,success,0
2026-08-05T13:40:45.1996219Z,2026-08-05T21:40:45.1996219,success,0
2026-08-05T13:40:46.2008801Z,2026-08-05T21:40:46.2008801,success,0
2026-08-05T13:40:47.2028152Z,2026-08-05T21:40:47.2028152,success,0
2026-08-05T13:40:48.2030254Z,2026-08-05T21:40:48.2030254,success,0
2026-08-05T13:40:49.2032202Z,2026-08-05T21:40:49.2032202,success,0
2026-08-05T13:40:50.2047610Z,2026-08-05T21:40:50.2047610,success,0
2026-08-05T13:40:51.2062418Z,2026-08-05T21:40:51.2062418,success,0
2026-08-05T13:40:52.2072387Z,2026-08-05T21:40:52.2072387,success,0
2026-08-05T13:40:53.2073288Z,2026-08-05T21:40:53.2073288,success,0
2026-08-05T13:40:54.2086925Z,2026-08-05T21:40:54.2086925,success,0
2026-08-05T13:40:55.2095146Z,2026-08-05T21:40:55.2095146,success,0
2026-08-05T13:40:56.2100088Z,2026-08-05T21:40:56.2100088,success,0
2026-08-05T13:40:57.2111588Z,2026-08-05T21:40:57.2111588,success,0
2026-08-05T13:40:58.2127124Z,2026-08-05T21:40:58.2127124,success,0
2026-08-05T13:40:59.2137791Z,2026-08-05T21:40:59.2137791,success,0
2026-08-05T13:41:00.2145141Z,2026-08-05T21:41:00.2145141,success,0
2026-08-05T13:41:01.2159276Z,2026-08-05T21:41:01.2159276,success,0
2026-08-05T13:41:02.2168112Z,2026-08-05T21:41:02.2168112,success,0
2026-08-05T13:41:03.2170154Z,2026-08-05T21:41:03.2170154,success,0
2026-08-05T13:41:04.2181177Z,2026-08-05T21:41:04.2181177,success,0
2026-08-05T13:41:05.2194996Z,2026-08-05T21:41:05.2194996,success,0
2026-08-05T13:41:06.2207205Z,2026-08-05T21:41:06.2207205,success,0
2026-08-05T13:41:07.2223537Z,2026-08-05T21:41:07.2223537,success,0
2026-08-05T13:41:08.2236672Z,2026-08-05T21:41:08.2236672,success,0
2026-08-05T13:41:09.2253488Z,2026-08-05T21:41:09.2253488,success,0
2026-08-05T13:41:10.2266616Z,2026-08-05T21:41:10.2266616,success,0
2026-08-05T13:41:11.2275753Z,2026-08-05T21:41:11.2275753,success,0
2026-08-05T13:41:12.2284094Z,2026-08-05T21:41:12.2284094,success,0
2026-08-05T13:41:13.2303419Z,2026-08-05T21:41:13.2303419,success,0
2026-08-05T13:41:14.2316512Z,2026-08-05T21:41:14.2316512,success,0
2026-08-05T13:41:15.2332508Z,2026-08-05T21:41:15.2332508,success,0
2026-08-05T13:41:16.2343569Z,2026-08-05T21:41:16.2343569,success,0
2026-08-05T13:41:17.2362586Z,2026-08-05T21:41:17.2362586,success,0
2026-08-05T13:41:18.2374957Z,2026-08-05T21:41:18.2374957,success,0
2026-08-05T13:41:19.2376856Z,2026-08-05T21:41:19.2376856,success,0
2026-08-05T13:41:20.2392938Z,2026-08-05T21:41:20.2392938,success,0
2026-08-05T13:41:21.2403749Z,2026-08-05T21:41:21.2403749,success,0
2026-08-05T13:41:22.2419944Z,2026-08-05T21:41:22.2419944,success,0
2026-08-05T13:41:23.2436441Z,2026-08-05T21:41:23.2436441,success,0
2026-08-05T13:41:24.2452897Z,2026-08-05T21:41:24.2452897,success,0
2026-08-05T13:41:25.2468086Z,2026-08-05T21:41:25.2468086,success,0
2026-08-05T13:41:26.2487086Z,2026-08-05T21:41:26.2487086,success,0
2026-08-05T13:41:27.2497276Z,2026-08-05T21:41:27.2497276,success,0
2026-08-05T13:41:28.2516757Z,2026-08-05T21:41:28.2516757,success,0
2026-08-05T13:41:29.2529116Z,2026-08-05T21:41:29.2529116,success,0
2026-08-05T13:41:30.2543646Z,2026-08-05T21:41:30.2543646,success,0
2026-08-05T13:41:31.2558966Z,2026-08-05T21:41:31.2558966,success,0
2026-08-05T13:41:32.2574538Z,2026-08-05T21:41:32.2574538,success,0
2026-08-05T13:41:33.2594418Z,2026-08-05T21:41:33.2594418,success,0
2026-08-05T13:41:34.2610050Z,2026-08-05T21:41:34.2610050,success,0
2026-08-05T13:41:35.2626819Z,2026-08-05T21:41:35.2626819,success,0
2026-08-05T13:41:36.2635986Z,2026-08-05T21:41:36.2635986,success,0
2026-08-05T13:41:37.2637545Z,2026-08-05T21:41:37.2637545,success,0
2026-08-05T13:41:38.2647833Z,2026-08-05T21:41:38.2647833,success,0
2026-08-05T13:41:39.2659387Z,2026-08-05T21:41:39.2659387,success,0
2026-08-05T13:41:40.2667533Z,2026-08-05T21:41:40.2667533,success,0
2026-08-05T13:41:41.2684847Z,2026-08-05T21:41:41.2684847,success,0
2026-08-05T13:41:42.2701630Z,2026-08-05T21:41:42.2701630,success,0
2026-08-05T13:41:43.2718220Z,2026-08-05T21:41:43.2718220,success,0
2026-08-05T13:41:44.2722045Z,2026-08-05T21:41:44.2722045,success,0
2026-08-05T13:41:45.2740820Z,2026-08-05T21:41:45.2740820,success,0
2026-08-05T13:41:46.2760011Z,2026-08-05T21:41:46.2760011,success,0
2026-08-05T13:41:47.2773266Z,2026-08-05T21:41:47.2773266,success,0
2026-08-05T13:41:48.2782805Z,2026-08-05T21:41:48.2782805,success,0
2026-08-05T13:41:49.2788990Z,2026-08-05T21:41:49.2788990,success,0
2026-08-05T13:41:50.2791650Z,2026-08-05T21:41:50.2791650,success,0
2026-08-05T13:41:51.2794206Z,2026-08-05T21:41:51.2794206,success,0
2026-08-05T13:41:52.2812090Z,2026-08-05T21:41:52.2812090,success,0
2026-08-05T13:41:53.2812274Z,2026-08-05T21:41:53.2812274,success,0
2026-08-05T13:41:54.2823498Z,2026-08-05T21:41:54.2823498,success,0
2026-08-05T13:41:55.2834573Z,2026-08-05T21:41:55.2834573,success,0
2026-08-05T13:41:56.2848015Z,2026-08-05T21:41:56.2848015,success,0
2026-08-05T13:41:57.2858326Z,2026-08-05T21:41:57.2858326,success,0
2026-08-05T13:41:58.2872581Z,2026-08-05T21:41:58.2872581,success,0
2026-08-05T13:41:59.2890159Z,2026-08-05T21:41:59.2890159,success,0
2026-08-05T13:42:00.2904411Z,2026-08-05T21:42:00.2904411,success,0
2026-08-05T13:42:01.2917269Z,2026-08-05T21:42:01.2917269,success,0
2026-08-05T13:42:02.2932707Z,2026-08-05T21:42:02.2932707,success,0
2026-08-05T13:42:03.2937613Z,2026-08-05T21:42:03.2937613,success,0
2026-08-05T13:42:04.2949895Z,2026-08-05T21:42:04.2949895,success,0
2026-08-05T13:42:05.2968638Z,2026-08-05T21:42:05.2968638,success,0
2026-08-05T13:42:06.2986832Z,2026-08-05T21:42:06.2986832,success,0
2026-08-05T13:42:07.3003169Z,2026-08-05T21:42:07.3003169,success,0
2026-08-05T13:42:08.3019577Z,2026-08-05T21:42:08.3019577,success,0
2026-08-05T13:42:09.3027770Z,2026-08-05T21:42:09.3027770,success,0
2026-08-05T13:42:10.3040330Z,2026-08-05T21:42:10.3040330,success,0
2026-08-05T13:42:11.3046516Z,2026-08-05T21:42:11.3046516,success,0
2026-08-05T13:42:12.3063256Z,2026-08-05T21:42:12.3063256,success,0
2026-08-05T13:42:13.3074674Z,2026-08-05T21:42:13.3074674,success,0
2026-08-05T13:42:14.3085087Z,2026-08-05T21:42:14.3085087,success,0
2026-08-05T13:42:15.3103622Z,2026-08-05T21:42:15.3103622,success,0
2026-08-05T13:42:16.3115510Z,2026-08-05T21:42:16.3115510,success,0
2026-08-05T13:42:17.3131990Z,2026-08-05T21:42:17.3131990,success,0
2026-08-05T13:42:18.3146390Z,2026-08-05T21:42:18.3146390,success,0
2026-08-05T13:42:19.3163477Z,2026-08-05T21:42:19.3163477,success,0
2026-08-05T13:42:20.3176385Z,2026-08-05T21:42:20.3176385,success,0
2026-08-05T13:42:21.3189493Z,2026-08-05T21:42:21.3189493,success,0
2026-08-05T13:42:22.3202922Z,2026-08-05T21:42:22.3202922,success,0
2026-08-05T13:42:23.3222693Z,2026-08-05T21:42:23.3222693,success,0
2026-08-05T13:42:24.3237996Z,2026-08-05T21:42:24.3237996,success,0
2026-08-05T13:42:25.3252008Z,2026-08-05T21:42:25.3252008,success,0
2026-08-05T13:42:26.3268260Z,2026-08-05T21:42:26.3268260,success,0
2026-08-05T13:42:27.3284879Z,2026-08-05T21:42:27.3284879,success,0
2026-08-05T13:42:28.3298200Z,2026-08-05T21:42:28.3298200,success,0
2026-08-05T13:42:29.3317403Z,2026-08-05T21:42:29.3317403,success,0
2026-08-05T13:42:30.3330558Z,2026-08-05T21:42:30.3330558,success,0
2026-08-05T13:42:31.3344425Z,2026-08-05T21:42:31.3344425,success,0
2026-08-05T13:42:32.3355108Z,2026-08-05T21:42:32.3355108,success,0
2026-08-05T13:42:33.3372159Z,2026-08-05T21:42:33.3372159,success,0
2026-08-05T13:42:34.3389937Z,2026-08-05T21:42:34.3389937,success,0
2026-08-05T13:42:35.3403150Z,2026-08-05T21:42:35.3403150,success,0
2026-08-05T13:42:36.3416419Z,2026-08-05T21:42:36.3416419,success,0
2026-08-05T13:42:37.3430174Z,2026-08-05T21:42:37.3430174,success,0
2026-08-05T13:42:38.3447785Z,2026-08-05T21:42:38.3447785,success,0
2026-08-05T13:42:39.3454024Z,2026-08-05T21:42:39.3454024,success,0
2026-08-05T13:42:40.3473579Z,2026-08-05T21:42:40.3473579,success,0
2026-08-05T13:42:41.3480073Z,2026-08-05T21:42:41.3480073,success,0
2026-08-05T13:42:42.3480807Z,2026-08-05T21:42:42.3480807,success,0
2026-08-05T13:42:43.3493969Z,2026-08-05T21:42:43.3493969,success,0
2026-08-05T13:42:44.3512578Z,2026-08-05T21:42:44.3512578,success,0
2026-08-05T13:42:45.3522607Z,2026-08-05T21:42:45.3522607,success,0
2026-08-05T13:42:46.3541045Z,2026-08-05T21:42:46.3541045,success,0
2026-08-05T13:42:47.3554600Z,2026-08-05T21:42:47.3554600,success,0
2026-08-05T13:42:48.3570615Z,2026-08-05T21:42:48.3570615,success,0
2026-08-05T13:42:49.3586267Z,2026-08-05T21:42:49.3586267,success,0
2026-08-05T13:42:50.3592768Z,2026-08-05T21:42:50.3592768,success,0
2026-08-05T13:42:51.3605768Z,2026-08-05T21:42:51.3605768,success,0
2026-08-05T13:42:52.3609120Z,2026-08-05T21:42:52.3609120,success,0
2026-08-05T13:42:53.3622724Z,2026-08-05T21:42:53.3622724,success,0
2026-08-05T13:42:54.3634091Z,2026-08-05T21:42:54.3634091,success,0
2026-08-05T13:42:55.3651858Z,2026-08-05T21:42:55.3651858,success,0
2026-08-05T13:42:56.3664570Z,2026-08-05T21:42:56.3664570,success,0
2026-08-05T13:42:57.3681727Z,2026-08-05T21:42:57.3681727,success,0
2026-08-05T13:42:58.3698309Z,2026-08-05T21:42:58.3698309,success,0
2026-08-05T13:42:59.3710269Z,2026-08-05T21:42:59.3710269,success,0
2026-08-05T13:43:00.3724691Z,2026-08-05T21:43:00.3724691,success,0
2026-08-05T13:43:01.3737726Z,2026-08-05T21:43:01.3737726,success,0
2026-08-05T13:43:02.3755407Z,2026-08-05T21:43:02.3755407,success,0
2026-08-05T13:43:03.3772577Z,2026-08-05T21:43:03.3772577,success,0
2026-08-05T13:43:04.3783718Z,2026-08-05T21:43:04.3783718,success,0
2026-08-05T13:43:05.3800937Z,2026-08-05T21:43:05.3800937,success,0
2026-08-05T13:43:06.3813677Z,2026-08-05T21:43:06.3813677,success,0
2026-08-05T13:43:07.3835686Z,2026-08-05T21:43:07.3835686,success,0
2026-08-05T13:43:08.3837508Z,2026-08-05T21:43:08.3837508,success,0
2026-08-05T13:43:09.3853522Z,2026-08-05T21:43:09.3853522,success,0
2026-08-05T13:43:10.4013340Z,2026-08-05T21:43:10.4013340,success,0
2026-08-05T13:43:11.4021232Z,2026-08-05T21:43:11.4021232,success,0
2026-08-05T13:43:12.4034836Z,2026-08-05T21:43:12.4034836,success,0
2026-08-05T13:43:13.4054508Z,2026-08-05T21:43:13.4054508,success,0
2026-08-05T13:43:14.4071881Z,2026-08-05T21:43:14.4071881,success,0
2026-08-05T13:43:15.4084659Z,2026-08-05T21:43:15.4084659,success,0
2026-08-05T13:43:16.4095805Z,2026-08-05T21:43:16.4095805,success,0
2026-08-05T13:43:17.4110965Z,2026-08-05T21:43:17.4110965,success,0
2026-08-05T13:43:18.4126351Z,2026-08-05T21:43:18.4126351,success,0
2026-08-05T13:43:19.4142224Z,2026-08-05T21:43:19.4142224,success,0
2026-08-05T13:43:20.4155902Z,2026-08-05T21:43:20.4155902,success,0
2026-08-05T13:43:21.4172583Z,2026-08-05T21:43:21.4172583,success,0
2026-08-05T13:43:22.4183094Z,2026-08-05T21:43:22.4183094,success,0
2026-08-05T13:43:23.4193885Z,2026-08-05T21:43:23.4193885,success,0
2026-08-05T13:43:24.4204625Z,2026-08-05T21:43:24.4204625,success,0
2026-08-05T13:43:25.4217468Z,2026-08-05T21:43:25.4217468,success,0
2026-08-05T13:43:26.4230384Z,2026-08-05T21:43:26.4230384,success,0
2026-08-05T13:43:27.4247679Z,2026-08-05T21:43:27.4247679,success,0
2026-08-05T13:43:28.4260667Z,2026-08-05T21:43:28.4260667,success,0
2026-08-05T13:43:29.4280448Z,2026-08-05T21:43:29.4280448,success,0
2026-08-05T13:43:30.4291628Z,2026-08-05T21:43:30.4291628,success,0
2026-08-05T13:43:31.4304375Z,2026-08-05T21:43:31.4304375,success,0
2026-08-05T13:43:32.4321016Z,2026-08-05T21:43:32.4321016,success,0
2026-08-05T13:43:33.4337565Z,2026-08-05T21:43:33.4337565,success,0
2026-08-05T13:43:34.4353188Z,2026-08-05T21:43:34.4353188,success,0
2026-08-05T13:43:35.4369847Z,2026-08-05T21:43:35.4369847,success,0
2026-08-05T13:43:36.4389718Z,2026-08-05T21:43:36.4389718,success,0
2026-08-05T13:43:37.4403220Z,2026-08-05T21:43:37.4403220,success,0
2026-08-05T13:43:38.4413636Z,2026-08-05T21:43:38.4413636,success,0
2026-08-05T13:43:39.4430024Z,2026-08-05T21:43:39.4430024,success,0
2026-08-05T13:43:40.4449825Z,2026-08-05T21:43:40.4449825,success,0
2026-08-05T13:43:41.4468963Z,2026-08-05T21:43:41.4468963,success,0
2026-08-05T13:43:42.4484302Z,2026-08-05T21:43:42.4484302,success,0
2026-08-05T13:43:43.4503270Z,2026-08-05T21:43:43.4503270,success,0
2026-08-05T13:43:44.4514187Z,2026-08-05T21:43:44.4514187,success,0
2026-08-05T13:43:45.4530454Z,2026-08-05T21:43:45.4530454,success,0
2026-08-05T13:43:46.4547936Z,2026-08-05T21:43:46.4547936,success,0
2026-08-05T13:43:47.4564031Z,2026-08-05T21:43:47.4564031,success,0
2026-08-05T13:43:48.4575059Z,2026-08-05T21:43:48.4575059,success,0
2026-08-05T13:43:49.4578499Z,2026-08-05T21:43:49.4578499,success,0
2026-08-05T13:43:50.4595289Z,2026-08-05T21:43:50.4595289,success,0
2026-08-05T13:43:51.4608696Z,2026-08-05T21:43:51.4608696,success,0
2026-08-05T13:43:52.4619123Z,2026-08-05T21:43:52.4619123,success,0
2026-08-05T13:43:53.4633574Z,2026-08-05T21:43:53.4633574,success,0
2026-08-05T13:43:54.4652735Z,2026-08-05T21:43:54.4652735,success,0
2026-08-05T13:43:55.4649707Z,2026-08-05T21:43:55.4649707,success,0
2026-08-05T13:43:56.4663382Z,2026-08-05T21:43:56.4663382,success,0
2026-08-05T13:43:57.4674018Z,2026-08-05T21:43:57.4674018,success,0
2026-08-05T13:43:58.4687343Z,2026-08-05T21:43:58.4687343,success,0
2026-08-05T13:43:59.4700745Z,2026-08-05T21:43:59.4700745,success,0
2026-08-05T13:44:00.4719164Z,2026-08-05T21:44:00.4719164,success,0
2026-08-05T13:44:01.4734940Z,2026-08-05T21:44:01.4734940,success,0
2026-08-05T13:44:02.4751297Z,2026-08-05T21:44:02.4751297,success,0
2026-08-05T13:44:03.4752382Z,2026-08-05T21:44:03.4752382,success,0
2026-08-05T13:44:04.4755464Z,2026-08-05T21:44:04.4755464,success,0
2026-08-05T13:44:05.4767383Z,2026-08-05T21:44:05.4767383,success,0
2026-08-05T13:44:06.4784171Z,2026-08-05T21:44:06.4784171,success,0
2026-08-05T13:44:07.4796028Z,2026-08-05T21:44:07.4796028,success,0
2026-08-05T13:44:08.4812929Z,2026-08-05T21:44:08.4812929,success,0
2026-08-05T13:44:09.4815912Z,2026-08-05T21:44:09.4815912,success,0
2026-08-05T13:44:10.4835279Z,2026-08-05T21:44:10.4835279,success,0
2026-08-05T13:44:11.4851423Z,2026-08-05T21:44:11.4851423,success,0
2026-08-05T13:44:12.4863654Z,2026-08-05T21:44:12.4863654,success,0
2026-08-05T13:44:13.4880671Z,2026-08-05T21:44:13.4880671,success,0
2026-08-05T13:44:14.4900318Z,2026-08-05T21:44:14.4900318,success,0
2026-08-05T13:44:15.4916002Z,2026-08-05T21:44:15.4916002,success,0
2026-08-05T13:44:16.4929881Z,2026-08-05T21:44:16.4929881,success,0
2026-08-05T13:44:17.4939966Z,2026-08-05T21:44:17.4939966,success,0
2026-08-05T13:44:18.4950136Z,2026-08-05T21:44:18.4950136,success,0
2026-08-05T13:44:19.4966802Z,2026-08-05T21:44:19.4966802,success,0
2026-08-05T13:44:20.4984080Z,2026-08-05T21:44:20.4984080,success,0
2026-08-05T13:44:21.4998108Z,2026-08-05T21:44:21.4998108,success,0
2026-08-05T13:44:22.5016307Z,2026-08-05T21:44:22.5016307,success,0
2026-08-05T13:44:23.5026669Z,2026-08-05T21:44:23.5026669,success,0
2026-08-05T13:44:24.5041562Z,2026-08-05T21:44:24.5041562,success,0
2026-08-05T13:44:25.5054443Z,2026-08-05T21:44:25.5054443,success,0
2026-08-05T13:44:26.5073705Z,2026-08-05T21:44:26.5073705,success,0
2026-08-05T13:44:27.5088334Z,2026-08-05T21:44:27.5088334,success,0
2026-08-05T13:44:28.5107872Z,2026-08-05T21:44:28.5107872,success,0
2026-08-05T13:44:29.5121094Z,2026-08-05T21:44:29.5121094,success,0
2026-08-05T13:44:30.5134814Z,2026-08-05T21:44:30.5134814,success,0
2026-08-05T13:44:31.5148519Z,2026-08-05T21:44:31.5148519,success,0
2026-08-05T13:44:32.5168399Z,2026-08-05T21:44:32.5168399,success,0
2026-08-05T13:44:33.5187892Z,2026-08-05T21:44:33.5187892,success,0
2026-08-05T13:44:34.5207379Z,2026-08-05T21:44:34.5207379,success,0
2026-08-05T13:44:35.5217755Z,2026-08-05T21:44:35.5217755,success,0
2026-08-05T13:44:36.5221502Z,2026-08-05T21:44:36.5221502,success,0
2026-08-05T13:44:37.5241016Z,2026-08-05T21:44:37.5241016,success,0
2026-08-05T13:44:38.5255078Z,2026-08-05T21:44:38.5255078,success,0
2026-08-05T13:44:39.5269019Z,2026-08-05T21:44:39.5269019,success,0
2026-08-05T13:44:40.5282920Z,2026-08-05T21:44:40.5282920,success,0
2026-08-05T13:44:41.5291925Z,2026-08-05T21:44:41.5291925,success,0
2026-08-05T13:44:42.5305102Z,2026-08-05T21:44:42.5305102,success,0
2026-08-05T13:44:43.5318576Z,2026-08-05T21:44:43.5318576,success,0
2026-08-05T13:44:44.5338185Z,2026-08-05T21:44:44.5338185,success,0
2026-08-05T13:44:45.5349671Z,2026-08-05T21:44:45.5349671,success,0
2026-08-05T13:44:46.5367684Z,2026-08-05T21:44:46.5367684,success,0
2026-08-05T13:44:47.5384202Z,2026-08-05T21:44:47.5384202,success,0
2026-08-05T13:44:48.5395017Z,2026-08-05T21:44:48.5395017,success,0
2026-08-05T13:44:49.5411738Z,2026-08-05T21:44:49.5411738,success,0
2026-08-05T13:44:50.5413553Z,2026-08-05T21:44:50.5413553,success,0
2026-08-05T13:44:51.5415430Z,2026-08-05T21:44:51.5415430,success,0
2026-08-05T13:44:52.5422136Z,2026-08-05T21:44:52.5422136,success,0
2026-08-05T13:44:53.5441087Z,2026-08-05T21:44:53.5441087,success,0
2026-08-05T13:44:54.5451919Z,2026-08-05T21:44:54.5451919,success,0
2026-08-05T13:44:55.5463685Z,2026-08-05T21:44:55.5463685,success,0
2026-08-05T13:44:56.5466809Z,2026-08-05T21:44:56.5466809,success,0
2026-08-05T13:44:57.5476963Z,2026-08-05T21:44:57.5476963,success,0
2026-08-05T13:44:58.5487055Z,2026-08-05T21:44:58.5487055,success,0
2026-08-05T13:44:59.5499233Z,2026-08-05T21:44:59.5499233,success,0
2026-08-05T13:45:02.0992719Z,2026-08-05T21:45:02.0992719,success,0
2026-08-05T13:45:03.1035170Z,2026-08-05T21:45:03.1035170,success,0
2026-08-05T13:45:04.1038252Z,2026-08-05T21:45:04.1038252,success,0
2026-08-05T13:45:05.1179180Z,2026-08-05T21:45:05.1179180,success,0
2026-08-05T13:45:06.1264541Z,2026-08-05T21:45:06.1264541,success,0
2026-08-05T13:45:07.1284241Z,2026-08-05T21:45:07.1284241,success,0
2026-08-05T13:45:08.1300735Z,2026-08-05T21:45:08.1300735,success,0
2026-08-05T13:45:09.1311230Z,2026-08-05T21:45:09.1311230,success,0
2026-08-05T13:45:10.1323176Z,2026-08-05T21:45:10.1323176,success,0
2026-08-05T13:45:11.1332891Z,2026-08-05T21:45:11.1332891,success,0
2026-08-05T13:45:12.1334861Z,2026-08-05T21:45:12.1334861,success,0
2026-08-05T13:45:13.1350360Z,2026-08-05T21:45:13.1350360,success,0
2026-08-05T13:45:14.1361692Z,2026-08-05T21:45:14.1361692,success,0
2026-08-05T13:45:15.1375452Z,2026-08-05T21:45:15.1375452,success,0
2026-08-05T13:45:16.1390891Z,2026-08-05T21:45:16.1390891,success,0
2026-08-05T13:45:17.1401362Z,2026-08-05T21:45:17.1401362,success,0
2026-08-05T13:45:18.1412532Z,2026-08-05T21:45:18.1412532,success,0
2026-08-05T13:45:19.1431050Z,2026-08-05T21:45:19.1431050,success,0
2026-08-05T13:45:20.1437444Z,2026-08-05T21:45:20.1437444,success,0
2026-08-05T13:45:21.1434238Z,2026-08-05T21:45:21.1434238,success,0
2026-08-05T13:45:22.1453660Z,2026-08-05T21:45:22.1453660,success,0
2026-08-05T13:45:23.1459941Z,2026-08-05T21:45:23.1459941,success,0
2026-08-05T13:45:24.1476610Z,2026-08-05T21:45:24.1476610,success,0
2026-08-05T13:45:25.1495453Z,2026-08-05T21:45:25.1495453,success,0
2026-08-05T13:45:26.1507968Z,2026-08-05T21:45:26.1507968,success,0
2026-08-05T13:45:27.1518536Z,2026-08-05T21:45:27.1518536,success,0
2026-08-05T13:45:28.1534397Z,2026-08-05T21:45:28.1534397,success,0
2026-08-05T13:45:29.1554070Z,2026-08-05T21:45:29.1554070,success,0
2026-08-05T13:45:30.1569260Z,2026-08-05T21:45:30.1569260,success,0
2026-08-05T13:45:31.1586508Z,2026-08-05T21:45:31.1586508,success,0
2026-08-05T13:45:32.1597205Z,2026-08-05T21:45:32.1597205,success,0
2026-08-05T13:45:33.1610696Z,2026-08-05T21:45:33.1610696,success,0
2026-08-05T13:45:34.1613515Z,2026-08-05T21:45:34.1613515,success,0
2026-08-05T13:45:35.1628919Z,2026-08-05T21:45:35.1628919,success,0
2026-08-05T13:45:36.1639333Z,2026-08-05T21:45:36.1639333,success,0
2026-08-05T13:45:37.1658073Z,2026-08-05T21:45:37.1658073,success,0
2026-08-05T13:45:38.1659774Z,2026-08-05T21:45:38.1659774,success,0
2026-08-05T13:45:39.1678907Z,2026-08-05T21:45:39.1678907,success,0
2026-08-05T13:45:40.1692585Z,2026-08-05T21:45:40.1692585,success,0
2026-08-05T13:45:41.1712632Z,2026-08-05T21:45:41.1712632,success,0
2026-08-05T13:45:42.1719172Z,2026-08-05T21:45:42.1719172,success,0
2026-08-05T13:45:43.1729617Z,2026-08-05T21:45:43.1729617,success,0
2026-08-05T13:45:44.1745003Z,2026-08-05T21:45:44.1745003,success,0
2026-08-05T13:45:45.1757738Z,2026-08-05T21:45:45.1757738,success,0
2026-08-05T13:45:46.1773281Z,2026-08-05T21:45:46.1773281,success,0
2026-08-05T13:45:47.1791884Z,2026-08-05T21:45:47.1791884,success,0
2026-08-05T13:45:48.1804471Z,2026-08-05T21:45:48.1804471,success,0
2026-08-05T13:45:49.1808430Z,2026-08-05T21:45:49.1808430,success,0
2026-08-05T13:45:50.1828011Z,2026-08-05T21:45:50.1828011,success,0
2026-08-05T13:45:51.1835211Z,2026-08-05T21:45:51.1835211,success,0
2026-08-05T13:45:52.1844216Z,2026-08-05T21:45:52.1844216,success,0
2026-08-05T13:45:53.1848084Z,2026-08-05T21:45:53.1848084,success,0
2026-08-05T13:45:54.2007508Z,2026-08-05T21:45:54.2007508,success,0
2026-08-05T13:45:55.2017191Z,2026-08-05T21:45:55.2017191,success,0
2026-08-05T13:45:56.2032709Z,2026-08-05T21:45:56.2032709,success,0
2026-08-05T13:45:57.2048581Z,2026-08-05T21:45:57.2048581,success,0
2026-08-05T13:45:58.2066370Z,2026-08-05T21:45:58.2066370,success,0
2026-08-05T13:45:59.2081970Z,2026-08-05T21:45:59.2081970,success,0
2026-08-05T13:46:00.2092813Z,2026-08-05T21:46:00.2092813,success,0
2026-08-05T13:46:01.2110698Z,2026-08-05T21:46:01.2110698,success,0
2026-08-05T13:46:02.2130362Z,2026-08-05T21:46:02.2130362,success,0
2026-08-05T13:46:03.2146458Z,2026-08-05T21:46:03.2146458,success,0
2026-08-05T13:46:04.2163362Z,2026-08-05T21:46:04.2163362,success,0
2026-08-05T13:46:05.2174225Z,2026-08-05T21:46:05.2174225,success,0
2026-08-05T13:46:06.2182802Z,2026-08-05T21:46:06.2182802,success,0
2026-08-05T13:46:07.2194326Z,2026-08-05T21:46:07.2194326,success,0
2026-08-05T13:46:08.2210207Z,2026-08-05T21:46:08.2210207,success,0
2026-08-05T13:46:09.2225514Z,2026-08-05T21:46:09.2225514,success,0
2026-08-05T13:46:10.2239407Z,2026-08-05T21:46:10.2239407,success,0
2026-08-05T13:46:11.2255191Z,2026-08-05T21:46:11.2255191,success,0
2026-08-05T13:46:12.2261690Z,2026-08-05T21:46:12.2261690,success,0
2026-08-05T13:46:13.2277623Z,2026-08-05T21:46:13.2277623,success,0
2026-08-05T13:46:14.2288184Z,2026-08-05T21:46:14.2288184,success,0
2026-08-05T13:46:15.2300617Z,2026-08-05T21:46:15.2300617,success,0
2026-08-05T13:46:16.2311680Z,2026-08-05T21:46:16.2311680,success,0
2026-08-05T13:46:17.2322555Z,2026-08-05T21:46:17.2322555,success,0
2026-08-05T13:46:18.2332352Z,2026-08-05T21:46:18.2332352,success,0
2026-08-05T13:46:19.2336863Z,2026-08-05T21:46:19.2336863,success,0
2026-08-05T13:46:20.2352752Z,2026-08-05T21:46:20.2352752,success,0
2026-08-05T13:46:21.2367840Z,2026-08-05T21:46:21.2367840,success,0
2026-08-05T13:46:22.2376272Z,2026-08-05T21:46:22.2376272,success,0
2026-08-05T13:46:23.2387073Z,2026-08-05T21:46:23.2387073,success,0
2026-08-05T13:46:24.2401946Z,2026-08-05T21:46:24.2401946,success,0
2026-08-05T13:46:25.2413443Z,2026-08-05T21:46:25.2413443,success,0
2026-08-05T13:46:26.2427332Z,2026-08-05T21:46:26.2427332,success,0
2026-08-05T13:46:27.2432222Z,2026-08-05T21:46:27.2432222,success,0
2026-08-05T13:46:28.2446103Z,2026-08-05T21:46:28.2446103,success,0
2026-08-05T13:46:29.2459119Z,2026-08-05T21:46:29.2459119,success,0
2026-08-05T13:46:30.2474698Z,2026-08-05T21:46:30.2474698,success,0
2026-08-05T13:46:31.2493897Z,2026-08-05T21:46:31.2493897,success,0
2026-08-05T13:46:32.2513075Z,2026-08-05T21:46:32.2513075,success,0
2026-08-05T13:46:33.2517340Z,2026-08-05T21:46:33.2517340,success,0
2026-08-05T13:46:34.2536198Z,2026-08-05T21:46:34.2536198,success,0
2026-08-05T13:46:35.2555610Z,2026-08-05T21:46:35.2555610,success,0
2026-08-05T13:46:36.2566213Z,2026-08-05T21:46:36.2566213,success,0
2026-08-05T13:46:37.2575834Z,2026-08-05T21:46:37.2575834,success,0
2026-08-05T13:46:38.2595619Z,2026-08-05T21:46:38.2595619,success,0
2026-08-05T13:46:39.2612473Z,2026-08-05T21:46:39.2612473,success,0
2026-08-05T13:46:40.2629797Z,2026-08-05T21:46:40.2629797,success,0
2026-08-05T13:46:41.2643716Z,2026-08-05T21:46:41.2643716,success,0
2026-08-05T13:46:42.2658244Z,2026-08-05T21:46:42.2658244,success,0
2026-08-05T13:46:43.2670136Z,2026-08-05T21:46:43.2670136,success,0
2026-08-05T13:46:44.2666904Z,2026-08-05T21:46:44.2666904,success,0
2026-08-05T13:46:45.2679133Z,2026-08-05T21:46:45.2679133,success,0
2026-08-05T13:46:46.2693606Z,2026-08-05T21:46:46.2693606,success,0
2026-08-05T13:46:47.2706202Z,2026-08-05T21:46:47.2706202,success,0
2026-08-05T13:46:48.2718138Z,2026-08-05T21:46:48.2718138,success,0
2026-08-05T13:46:49.2732396Z,2026-08-05T21:46:49.2732396,success,0
2026-08-05T13:46:50.2738250Z,2026-08-05T21:46:50.2738250,success,0
2026-08-05T13:46:51.2747219Z,2026-08-05T21:46:51.2747219,success,0
2026-08-05T13:46:52.2759716Z,2026-08-05T21:46:52.2759716,success,0
2026-08-05T13:46:53.2770574Z,2026-08-05T21:46:53.2770574,success,0
2026-08-05T13:46:54.2787923Z,2026-08-05T21:46:54.2787923,success,0
2026-08-05T13:46:55.2798961Z,2026-08-05T21:46:55.2798961,success,0
2026-08-05T13:46:56.2814105Z,2026-08-05T21:46:56.2814105,success,0
2026-08-05T13:46:57.2832639Z,2026-08-05T21:46:57.2832639,success,0
2026-08-05T13:46:58.2843673Z,2026-08-05T21:46:58.2843673,success,0
2026-08-05T13:46:59.2859354Z,2026-08-05T21:46:59.2859354,success,0
2026-08-05T13:47:00.2873751Z,2026-08-05T21:47:00.2873751,success,0
2026-08-05T13:47:01.2891579Z,2026-08-05T21:47:01.2891579,success,0
2026-08-05T13:47:02.2893459Z,2026-08-05T21:47:02.2893459,success,0
2026-08-05T13:47:03.2910626Z,2026-08-05T21:47:03.2910626,success,0
2026-08-05T13:47:04.2925176Z,2026-08-05T21:47:04.2925176,success,0
2026-08-05T13:47:05.2942369Z,2026-08-05T21:47:05.2942369,success,0
2026-08-05T13:47:06.2955790Z,2026-08-05T21:47:06.2955790,success,0
2026-08-05T13:47:07.2973642Z,2026-08-05T21:47:07.2973642,success,0
2026-08-05T13:47:08.2984225Z,2026-08-05T21:47:08.2984225,success,0
2026-08-05T13:47:09.2984218Z,2026-08-05T21:47:09.2984218,success,0
2026-08-05T13:47:10.2998369Z,2026-08-05T21:47:10.2998369,success,0
2026-08-05T13:47:11.3014582Z,2026-08-05T21:47:11.3014582,success,0
2026-08-05T13:47:12.3023129Z,2026-08-05T21:47:12.3023129,success,0
2026-08-05T13:47:13.3037607Z,2026-08-05T21:47:13.3037607,success,0
2026-08-05T13:47:14.3046139Z,2026-08-05T21:47:14.3046139,success,0
2026-08-05T13:47:15.3056886Z,2026-08-05T21:47:15.3056886,success,0
2026-08-05T13:47:16.3071746Z,2026-08-05T21:47:16.3071746,success,0
2026-08-05T13:47:17.3091016Z,2026-08-05T21:47:17.3091016,success,0
2026-08-05T13:47:18.3104176Z,2026-08-05T21:47:18.3104176,success,0
2026-08-05T13:47:19.3116823Z,2026-08-05T21:47:19.3116823,success,0
2026-08-05T13:47:20.3128203Z,2026-08-05T21:47:20.3128203,success,0
2026-08-05T13:47:21.3145770Z,2026-08-05T21:47:21.3145770,success,0
2026-08-05T13:47:22.3157065Z,2026-08-05T21:47:22.3157065,success,0
2026-08-05T13:47:23.3175357Z,2026-08-05T21:47:23.3175357,success,0
2026-08-05T13:47:24.3187547Z,2026-08-05T21:47:24.3187547,success,0
2026-08-05T13:47:25.3189240Z,2026-08-05T21:47:25.3189240,success,0
2026-08-05T13:47:26.3204306Z,2026-08-05T21:47:26.3204306,success,0
2026-08-05T13:47:27.3206330Z,2026-08-05T21:47:27.3206330,success,0
2026-08-05T13:47:28.3222160Z,2026-08-05T21:47:28.3222160,success,0
2026-08-05T13:47:29.3241945Z,2026-08-05T21:47:29.3241945,success,0
2026-08-05T13:47:30.3256789Z,2026-08-05T21:47:30.3256789,success,0
2026-08-05T13:47:31.3274651Z,2026-08-05T21:47:31.3274651,success,0
2026-08-05T13:47:32.3288580Z,2026-08-05T21:47:32.3288580,success,0
2026-08-05T13:47:33.3300725Z,2026-08-05T21:47:33.3300725,success,0
2026-08-05T13:47:34.3313025Z,2026-08-05T21:47:34.3313025,success,0
2026-08-05T13:47:35.3323619Z,2026-08-05T21:47:35.3323619,success,0
2026-08-05T13:47:36.3334554Z,2026-08-05T21:47:36.3334554,success,0
2026-08-05T13:47:37.3351838Z,2026-08-05T21:47:37.3351838,success,0
2026-08-05T13:47:38.3365070Z,2026-08-05T21:47:38.3365070,success,0
2026-08-05T13:47:39.3366906Z,2026-08-05T21:47:39.3366906,success,0
2026-08-05T13:47:40.3381021Z,2026-08-05T21:47:40.3381021,success,0
2026-08-05T13:47:41.3381879Z,2026-08-05T21:47:41.3381879,success,0
2026-08-05T13:47:42.3396314Z,2026-08-05T21:47:42.3396314,success,0
2026-08-05T13:47:43.3412107Z,2026-08-05T21:47:43.3412107,success,0
2026-08-05T13:47:44.3423024Z,2026-08-05T21:47:44.3423024,success,0
2026-08-05T13:47:45.3433354Z,2026-08-05T21:47:45.3433354,success,0
