"(PDH-CSV 4.0) (","\\IZY09FF7N06QRCZ\Processor(_Total)\% Processor Time","\\IZY09FF7N06QRCZ\System\Processor Queue Length","\\IZY09FF7N06QRCZ\TCPv4\Segments Retransmitted/sec"
"08/05/2026 21:37:49.715"," ","0"," "
"08/05/2026 21:37:50.720","2.8240518413688464605","0","0.99506438116299356089"
"08/05/2026 21:37:51.723","2.6396864091906224736","0","0"
"08/05/2026 21:37:52.727","15.17724761554993762","0","15.937626504910383574"
"08/05/2026 21:37:53.732","5.9474960555778944027","6","29.832621096078341338"
"08/05/2026 21:37:54.737","5.506496847192932087","0","7.9682290770240893352"
"08/05/2026 21:37:55.740","0","0","0"
"08/05/2026 21:37:56.744","0.36181613706148807452","0","0"
"08/05/2026 21:37:57.747","0.3693507429258224839","0","0"
"08/05/2026 21:37:59.256","44.584521883126917885","43","3.3145379146346063415"
"08/05/2026 21:38:01.009","100","26","0"
"08/05/2026 21:38:02.084","98.183761200381042045","13","7.4386697947512931961"
"08/05/2026 21:38:03.369","95.133761224952991142","32","3.114558685332320831"
"08/05/2026 21:38:04.626","98.136052166839846223","17","2.386005030653006731"
"08/05/2026 21:38:05.874","83.723730100382013575","1","6.412781442949571975"
"08/05/2026 21:38:06.878","9.3577977448507603242","0","0"
"08/05/2026 21:38:07.881","1.1115966003967137077","0","0"
"08/05/2026 21:38:08.885","0.71300494424653138026","0","0"
"08/05/2026 21:38:09.888","0.30781954558908308783","0","0"
"08/05/2026 21:38:10.891","2.7015940773024937904","0","0"
"08/05/2026 21:38:11.895","0.40552876796261516645","0","0"
"08/05/2026 21:38:12.899","0.70863039855949550017","0","0"
"08/05/2026 21:38:13.902","1.8752236621886075874","0","0"
"08/05/2026 21:38:14.906","0.75350495981543197388","0","0.99638888739430564456"
"08/05/2026 21:38:15.909","1.1066486831728838958","0","0"
"08/05/2026 21:38:16.912","0.31861162167364787123","0","0"
"08/05/2026 21:38:17.916","1.9063672296763645164","0","0"
"08/05/2026 21:38:18.919","0.30125968361401911366","0","0"
"08/05/2026 21:38:19.922","0.70605699812834599172","0","0"
"08/05/2026 21:38:20.925","1.9251415964330331754","0","0"
"08/05/2026 21:38:21.929","0","0","0"
"08/05/2026 21:38:22.933","2.2743736788429114171","5","0"
"08/05/2026 21:38:23.937","0.39501345563762724211","0","0"
"08/05/2026 21:38:24.941","1.1711692687670027802","0","0"
"08/05/2026 21:38:25.944","0","0","0"
"08/05/2026 21:38:26.948","1.9576108283616999728","0","0"
"08/05/2026 21:38:27.952","0.37599097247079660278","0","0"
"08/05/2026 21:38:28.955","1.8899032040178731506","0","0"
"08/05/2026 21:38:29.958","0.32966958488104269875","0","0"
"08/05/2026 21:38:30.962","0","0","0"
"08/05/2026 21:38:31.965","0.71500401039763517019","0","0"
"08/05/2026 21:38:32.969","1.1586755972319728869","0","0"
"08/05/2026 21:38:33.972","0.33263981461870706369","2","0"
"08/05/2026 21:38:34.976","0","0","0"
"08/05/2026 21:38:35.980","1.542630914764275829","0","0"
"08/05/2026 21:38:36.983","1.0907075034340074637","0","0"
"08/05/2026 21:38:37.986","1.4977255239667197628","0","0"
"08/05/2026 21:38:38.991","3.9149111950378956415","0","3.9834634481875390577"
"08/05/2026 21:38:39.994","3.4927793671098772421","0","0.99622609630198877273"
"08/05/2026 21:38:40.998","7.3697948736956124804","0","3.9855090875087273439"
"08/05/2026 21:38:42.002","1.1301912161408744772","0","0.99650674560328778018"
"08/05/2026 21:38:43.005","4.6304350534007276963","0","5.9790935016620876397"
"08/05/2026 21:38:44.008","1.4821617832474820453","0","9.9688254889310154994"
"08/05/2026 21:38:45.012","3.8693044420273325912","0","2.9890469364062330904"
"08/05/2026 21:38:46.015","3.070453815485563176","0","0"
"08/05/2026 21:38:47.019","0.7723093122305013658","0","0"
"08/05/2026 21:38:48.023","0","0","1.992316829379181975"
"08/05/2026 21:38:49.026","12.401730464746950844","0","18.936879592940812245"
"08/05/2026 21:38:50.030","6.1988177184405079956","0","7.9712715373792857321"
"08/05/2026 21:38:51.033","12.777854865540339446","0","0.99685045100006530738"
"08/05/2026 21:38:52.037","1.9249559403313187822","0","0.99632962130806324019"
"08/05/2026 21:38:53.040","2.6547971267409264939","0","0.99683186895409003903"
"08/05/2026 21:38:54.043","1.4847251069503686338","0","0.99685382962831015075"
"08/05/2026 21:38:55.047","0.72713515724397437268","1","0"
"08/05/2026 21:38:56.050","4.2190132341850876685","0","0"
"08/05/2026 21:38:57.053","0","0","0"
"08/05/2026 21:38:58.056","0.34937509093119212267","0","0"
"08/05/2026 21:38:59.060","0.30302894352615128426","3","0"
"08/05/2026 21:39:00.063","1.1287133626297074507","0","0"
"08/05/2026 21:39:01.067","1.5496144393192246014","0","0.99621339289361143798"
"08/05/2026 21:39:02.070","0.73618711180766238655","0","0"
"08/05/2026 21:39:03.074","1.5566066256463062523","0","0"
"08/05/2026 21:39:04.078","0.7571832678817558282","0","0"
"08/05/2026 21:39:05.082","1.1307035283789401703","0","0"
"08/05/2026 21:39:06.085","1.0950950444050921995","0","0"
"08/05/2026 21:39:07.088","0.31164573310915599791","0","0"
"08/05/2026 21:39:08.092","6.20918223394029134","0","0"
"08/05/2026 21:39:09.096","0.42272544593691119275","0","0.99580338579126004284"
"08/05/2026 21:39:10.099","0.30854505306077140148","0","0"
"08/05/2026 21:39:11.102","2.6020785071754204409","0","0"
"08/05/2026 21:39:12.105","1.8637586337461264918","0","0"
"08/05/2026 21:39:13.108","2.3216798376366254431","0","0"
"08/05/2026 21:39:14.112","2.2999553883668366616","0","0"
"08/05/2026 21:39:15.116","0.36290817953766874027","8","0.99624078502179869155"
"08/05/2026 21:39:16.119","4.9867821349531160635","0","0"
"08/05/2026 21:39:17.122","0.70007827606048955715","7","0"
"08/05/2026 21:39:18.126","0.39397172364148413948","0","0"
"08/05/2026 21:39:19.129","0.69730650831038021309","0","0"
"08/05/2026 21:39:20.132","0","0","0"
"08/05/2026 21:39:21.137","2.3638654544198001162","1","0"
"08/05/2026 21:39:22.141","0.38897110672534429554","0","0"
"08/05/2026 21:39:23.144","3.1005243586583741688","0","0"
"08/05/2026 21:39:24.148","0","0","0"
"08/05/2026 21:39:25.152","0.38971527794656735111","0","0"
"08/05/2026 21:39:26.157","1.6197167255220801252","0","0"
"08/05/2026 21:39:27.162","7.097136092667843954","0","5.9708568448260876949"
"08/05/2026 21:39:28.165","7.7616667956913580895","2","2.9889712937204300225"
"08/05/2026 21:39:29.169","4.2321384560479184955","0","1.992639587890250974"
"08/05/2026 21:39:30.172","6.530306264543261463","0","2.9920355007006844694"
"08/05/2026 21:39:31.176","9.0335093059621840439","5","0"
"08/05/2026 21:39:32.181","14.071841207913649896","0","0"
"08/05/2026 21:39:33.184","4.5794198797939440482","7","1.9936466468657683127"
"08/05/2026 21:39:34.189","4.7423903147370101152","0","0"
"08/05/2026 21:39:35.192","2.221648686213051338","0","0"
"08/05/2026 21:39:36.195","1.4823092435734985806","0","0"
"08/05/2026 21:39:37.198","0.34494600390209129159","0","0"
"08/05/2026 21:39:38.202","1.1480106508830911771","0","0"
"08/05/2026 21:39:39.206","0.38478369601739892403","0","0"
"08/05/2026 21:39:40.209","0.33870886405462652391","0","0.99663456440292408356"
"08/05/2026 21:39:41.212","0","0","0"
"08/05/2026 21:39:42.217","1.18479154827515476","0","0"
"08/05/2026 21:39:43.220","1.1184459873385788065","0","0"
"08/05/2026 21:39:44.223","0.3352324122581240573","0","0"
"08/05/2026 21:39:45.227","0","3","0"
"08/05/2026 21:39:46.230","3.0790213081304140808","0","0"
"08/05/2026 21:39:47.233","1.0856786069513901793","0","0"
"08/05/2026 21:39:48.236","1.4691081414696327556","0","0"
"08/05/2026 21:39:49.240","0.36182606482818568949","0","0"
"08/05/2026 21:39:50.244","17.117915466233093014","0","0"
"08/05/2026 21:39:51.247","3.7943853888971368349","6","0"
"08/05/2026 21:39:52.251","0.87600057558160360216","0","0"
"08/05/2026 21:39:53.255","1.1522552404061858766","0","0.99630351469976097256"
"08/05/2026 21:39:54.258","1.4837920177135144328","0","0.99684478688056565865"
"08/05/2026 21:39:55.262","0.75188322026654708097","0","0"
"08/05/2026 21:39:56.266","0.76945246133834910296","0","0"
"08/05/2026 21:39:57.270","0.39053881447010940775","0","0"
"08/05/2026 21:39:58.274","0","0","0"
"08/05/2026 21:39:59.301","66.177941179188877641","10","0"
"08/05/2026 21:40:01.037","91.348936820720069818","52","0.56774098021388619273"
"08/05/2026 21:40:03.112","98.284584328750781879","34","0"
"08/05/2026 21:40:04.160","89.186972616355504329","0","0"
"08/05/2026 21:40:05.163","84.813958688099916117","0","0"
"08/05/2026 21:40:06.166","27.175252761551995206","0","0"
"08/05/2026 21:40:07.169","4.2126068196088439777","0","0"
"08/05/2026 21:40:08.173","4.6454861028081388952","0","0"
"08/05/2026 21:40:09.176","0.69792028567597919064","0","0"
"08/05/2026 21:40:10.179","0.71726021389627581115","0","0"
"08/05/2026 21:40:11.183","0","0","0"
"08/05/2026 21:40:12.186","0.35013971408661692664","0","0"
"08/05/2026 21:40:13.190","1.9153692675231592801","0","0"
"08/05/2026 21:40:14.193","3.4266468685062223543","0","0"
"08/05/2026 21:40:15.197","0","0","0"
"08/05/2026 21:40:16.201","0.78463398306306553209","0","0"
"08/05/2026 21:40:17.204","0.68875243406817387992","0","0"
"08/05/2026 21:40:18.207","0.7290248272663335527","0","0"
"08/05/2026 21:40:19.211","0.75264465336239982918","0","0"
"08/05/2026 21:40:20.215","0.80869152695219881366","0","0"
"08/05/2026 21:40:21.218","0.28743145010193815736","0","0"
"08/05/2026 21:40:22.221","0.6982964680530279189","0","0.99692538242805373017"
"08/05/2026 21:40:23.224","0.72147561038083951601","0","0"
"08/05/2026 21:40:24.228","2.3370528116919531136","0","0.99609183369051534918"
"08/05/2026 21:40:25.233","0.87714471061688392695","1","0"
"08/05/2026 21:40:26.237","0.38093334896688313407","0","0"
"08/05/2026 21:40:27.241","0.7753537210175021066","0","0.99617488766633888186"
"08/05/2026 21:40:28.245","0","0","1.992424602419142321"
"08/05/2026 21:40:29.249","1.2239641924892685765","0","0"
"08/05/2026 21:40:30.252","0.70489892441433221748","0","0"
"08/05/2026 21:40:31.255","0.32488108259937087396","0","0"
"08/05/2026 21:40:32.259","0.77936651991163952147","0","0"
"08/05/2026 21:40:33.263","0.31707145910288003776","0","0"
"08/05/2026 21:40:34.265","1.8474466775504017058","0","0"
"08/05/2026 21:40:35.269","0.70458218159999974617","0","0"
"08/05/2026 21:40:36.272","0.32529835628443137807","0","0"
"08/05/2026 21:40:37.276","0","0","0"
"08/05/2026 21:40:38.279","3.0409934663613302774","0","0"
"08/05/2026 21:40:39.282","2.675538820606671031","0","0"
"08/05/2026 21:40:40.286","0.72905450737346111367","0","0"
"08/05/2026 21:40:41.289","0","0","0"
"08/05/2026 21:40:42.293","0.37834312846670714592","0","0"
"08/05/2026 21:40:43.297","2.672202119507294249","2","0"
"08/05/2026 21:40:44.300","1.5621369082273295348","0","0.99605343707163485067"
"08/05/2026 21:40:45.304","0.3440224002720260188","0","0"
"08/05/2026 21:40:46.307","0.71049108193045329429","0","0"
"08/05/2026 21:40:47.311","0.73250724504805297954","1","0.99635970019935160558"
"08/05/2026 21:40:48.314","0.32396704231905104621","0","0"
"08/05/2026 21:40:49.318","3.4846259353024655603","0","0"
"08/05/2026 21:40:50.322","0","0","0"
"08/05/2026 21:40:51.326","2.301328066770036429","0","0"
"08/05/2026 21:40:52.330","3.1222298406101356427","0","0"
"08/05/2026 21:40:53.332","21.297110396446615965","0","0.99745439663434953825"
"08/05/2026 21:40:54.335","3.8272585341717180185","0","0.99678377746363577838"
"08/05/2026 21:40:55.340","0","0","0.99591009600872104635"
"08/05/2026 21:40:56.343","0.34475731207885829122","0","0.99656682728002043969"
"08/05/2026 21:40:57.346","2.2594196566220414724","0","0"
"08/05/2026 21:40:58.350","0.35520380499632908666","0","0"
"08/05/2026 21:40:59.353","0","0","0"
"08/05/2026 21:41:00.356","1.1058009823361691915","0","0"
"08/05/2026 21:41:01.360","0.38790940320204692071","0","0.99615980395575065565"
"08/05/2026 21:41:02.364","1.1571493609801919433","0","0"
"08/05/2026 21:41:03.367","0.31456735126634827182","0","0.99688602711709439763"
"08/05/2026 21:41:04.371","4.6341413590835989211","0","0.996480033928152098"
"08/05/2026 21:41:05.375","0.38613323175374913987","0","0"
"08/05/2026 21:41:06.378","0.31565049271481404602","0","0"
"08/05/2026 21:41:07.381","0.31507414514942988504","0","0"
"08/05/2026 21:41:08.384","3.4386313254549216722","0","0"
"08/05/2026 21:41:09.388","1.1526294558713456873","1","0"
"08/05/2026 21:41:10.391","1.4892126503680991334","0","0"
"08/05/2026 21:41:11.394","2.6407638218088114179","0","0"
"08/05/2026 21:41:12.398","0.74991530659014316029","0","0.99639206433504268201"
"08/05/2026 21:41:13.401","0","2","0"
"08/05/2026 21:41:14.404","2.2615727027075260835","0","0"
"08/05/2026 21:41:15.408","0.36207425835257378566","0","0"
"08/05/2026 21:41:16.411","0.30398312505339752931","0","0.99704108118337220201"
"08/05/2026 21:41:17.415","0","0","0.99610274799845610616"
"08/05/2026 21:41:18.418","0.31985365359633588511","0","0.99681954755158197479"
"08/05/2026 21:41:19.422","1.1924770298494702381","0","0"
"08/05/2026 21:41:20.425","0.25860947734713812807","0","0"
"08/05/2026 21:41:21.428","0.30757108169874314285","0","0"
"08/05/2026 21:41:22.431","0","0","0.99690023839872299316"
"08/05/2026 21:41:23.434","1.4764753288732501701","0","0"
"08/05/2026 21:41:24.438","3.8651949914525807195","0","0"
"08/05/2026 21:41:25.442","0.43722990487274904226","0","0"
"08/05/2026 21:41:26.446","0.39071741095553225165","0","0"
"08/05/2026 21:41:27.448","0","0","0"
"08/05/2026 21:41:28.451","0.74183509071501507748","0","0"
"08/05/2026 21:41:29.455","0.74955929377000796165","0","0"
"08/05/2026 21:41:30.458","0.33954317639801612216","0","0"
"08/05/2026 21:41:31.462","0.30648776466508653726","0","0"
"08/05/2026 21:41:32.465","0","1","0"
"08/05/2026 21:41:33.469","0.3951225882048547966","0","0"
"08/05/2026 21:41:34.473","1.9269590348347520603","0","0"
"08/05/2026 21:41:35.476","0.34986167066047846319","0","0"
"08/05/2026 21:41:36.480","0","0","0"
"08/05/2026 21:41:37.483","0.35330731358893530114","0","0.99649304203715860506"
"08/05/2026 21:41:38.486","1.086654844502110695","4","0"
"08/05/2026 21:41:39.492","1.3122787592244944399","2","0.99469232177102973047"
"08/05/2026 21:41:40.495","0.36033687771542810552","1","0.99634341964988482054"
"08/05/2026 21:41:41.499","1.1860315403979138082","0","0"
"08/05/2026 21:41:42.502","0.2692928554317686185","0","0"
"08/05/2026 21:41:43.505","0.3049372883162315695","0","0"
"08/05/2026 21:41:44.508","3.0190578575648996384","0","0"
"08/05/2026 21:41:45.512","0","0","0.99611882223293379823"
"08/05/2026 21:41:46.516","1.9370318940869157842","7","0"
"08/05/2026 21:41:47.519","0.72252445623790517715","0","0"
"08/05/2026 21:41:48.522","0.70387947143147888696","0","0"
"08/05/2026 21:41:49.526","1.128309408314931428","0","0"
"08/05/2026 21:41:50.529","0.31681310459098499521","3","0"
"08/05/2026 21:41:51.533","1.1879505144774649139","0","0"
"08/05/2026 21:41:52.537","1.1458635967098951269","0","0"
"08/05/2026 21:41:53.540","1.1199241478013655104","0","0"
"08/05/2026 21:41:54.545","3.1792420187721437408","0","0"
"08/05/2026 21:41:55.548","0.66704381716996552498","0","0"
"08/05/2026 21:41:56.551","0.31696215543436379036","0","0"
"08/05/2026 21:41:57.554","0.73031094896374160186","0","0"
"08/05/2026 21:41:58.558","0","0","0"
"08/05/2026 21:41:59.561","1.1017692759535568925","0","0"
"08/05/2026 21:42:00.565","2.3366247754940672188","0","0"
"08/05/2026 21:42:01.568","0.28504516987738481859","0","1.9943410572500528399"
"08/05/2026 21:42:02.571","0.74427806283431374723","0","0"
"08/05/2026 21:42:03.575","0","0","0"
"08/05/2026 21:42:04.579","1.9898536411684153435","0","0.99567538353913609406"
"08/05/2026 21:42:05.582","0.7175768758325040686","0","0"
"08/05/2026 21:42:06.586","0.77159760531392285188","0","0"
"08/05/2026 21:42:07.589","0","0","0"
"08/05/2026 21:42:08.593","1.0966626331964768326","2","0.99684965603204189755"
"08/05/2026 21:42:09.597","2.4270124857591612866","0","0.99517370607763522283"
"08/05/2026 21:42:10.601","1.14193365505951272","0","0"
"08/05/2026 21:42:11.605","0","0","0"
"08/05/2026 21:42:12.608","1.8640717076424118126","10","0"
"08/05/2026 21:42:13.612","0.45477237241661194744","0","0"
"08/05/2026 21:42:14.616","2.3116657244580895991","0","0"
"08/05/2026 21:42:15.620","0","0","0"
"08/05/2026 21:42:16.623","1.0898693895307842716","1","0"
"08/05/2026 21:42:17.627","0.35890721620722709773","0","0"
"08/05/2026 21:42:18.631","0.78259826728526160622","0","0"
"08/05/2026 21:42:19.633","1.4469610974885749322","1","0"
"08/05/2026 21:42:20.637","0","0","0"
"08/05/2026 21:42:21.641","0.33109015162531285625","0","0"
"08/05/2026 21:42:22.644","0.32836819099476555195","0","0"
"08/05/2026 21:42:23.647","1.4660234801048388498","0","0"
"08/05/2026 21:42:24.651","1.5487611872988971129","0","0.99622659253545353675"
"08/05/2026 21:42:25.653","0.25869901237161041507","0","1.9947963741783183433"
"08/05/2026 21:42:26.657","0.3221786541540483384","3","0.99673300821896082535"
"08/05/2026 21:42:27.660","0.73544521042802069033","0","0"
"08/05/2026 21:42:28.664","0.37874010586551598578","0","0"
"08/05/2026 21:42:29.666","0.62651284645636184933","0","0.99763709653685250789"
"08/05/2026 21:42:30.669","0.67432392856284772975","0","0"
"08/05/2026 21:42:31.673","0.77481997454057482955","0","0"
"08/05/2026 21:42:32.677","0.39314824388140268141","0","0"
"08/05/2026 21:42:33.681","0.36679962717256486826","0","0"
"08/05/2026 21:42:34.684","0.32602360937609153879","0","0"
"08/05/2026 21:42:35.687","0.32852714168828400787","0","0"
"08/05/2026 21:42:36.691","0.71773520604312412985","0","0"
"08/05/2026 21:42:37.694","6.2088271517978359526","0","0"
"08/05/2026 21:42:38.697","4.9805968509535443189","0","0"
"08/05/2026 21:42:39.701","1.5542529706115471022","0","0"
"08/05/2026 21:42:40.707","0.54905870181315430401","0","0"
"08/05/2026 21:42:41.709","0.22560985100490427158","0","0"
"08/05/2026 21:42:42.713","0.37850191980588476781","0","0"
"08/05/2026 21:42:43.715","0","0","0"
"08/05/2026 21:42:44.719","3.4677281778772606202","0","0"
"08/05/2026 21:42:45.722","0.71417272533993436667","0","0"
"08/05/2026 21:42:46.726","3.4856644206265552377","0","0.99630381248605792699"
"08/05/2026 21:42:47.728","0.26369282254646853048","0","0"
"08/05/2026 21:42:48.732","0","0","0"
"08/05/2026 21:42:49.735","1.4540073224366012461","0","0.99714348306406641598"
"08/05/2026 21:42:50.739","0.78432763109429481929","0","0"
"08/05/2026 21:42:51.742","1.4618580441476791698","0","0"
"08/05/2026 21:42:52.745","0","0","0"
"08/05/2026 21:42:53.749","1.903630126236011133","0","0"
"08/05/2026 21:42:54.752","4.2196242334330502644","0","0"
"08/05/2026 21:42:55.756","0.36733567011784096223","0","0"
"08/05/2026 21:42:56.759","0.33045437850806047564","0","0"
"08/05/2026 21:42:57.763","0","0","0"
"08/05/2026 21:42:58.766","1.0836274592199157674","0","0"
"08/05/2026 21:42:59.769","1.8676816966914588924","0","0"
"08/05/2026 21:43:00.772","0.69492055494349003197","0","0"
"08/05/2026 21:43:01.776","1.1603297871672801911","0","0"
"08/05/2026 21:43:02.779","0","0","0"
"08/05/2026 21:43:03.782","0.32781185957504455075","0","0"
"08/05/2026 21:43:04.786","3.8570045482500758816","0","0"
"08/05/2026 21:43:05.789","0.33132856445319269767","0","0"
"08/05/2026 21:43:06.792","0","0","0.99685422711549165342"
"08/05/2026 21:43:07.795","1.0944837699007226028","0","0"
"08/05/2026 21:43:08.800","1.6180713989770834083","0","0.99566566821313462476"
"08/05/2026 21:43:09.803","1.8933841831654363297","0","0"
"08/05/2026 21:43:10.807","1.5148447048000002191","0","0"
"08/05/2026 21:43:11.810","0","0","0"
"08/05/2026 21:43:12.814","0.36344426435690468935","0","0.99640268737776005459"
"08/05/2026 21:43:13.817","0.69174256736150852021","0","0"
"08/05/2026 21:43:14.821","1.5404140760718609826","0","0"
"08/05/2026 21:43:15.824","0.75803368350031430367","0","0.99637965452528232113"
"08/05/2026 21:43:16.828","0.74339781548420358348","0","0"
"08/05/2026 21:43:17.831","0.29942077951495837951","0","0"
"08/05/2026 21:43:18.835","0.39599564013351740144","0","0"
"08/05/2026 21:43:19.838","1.1056432689491968446","0","0"
"08/05/2026 21:43:20.842","0","0","0"
"08/05/2026 21:43:21.845","0.70020696474600852","1","0"
"08/05/2026 21:43:22.849","1.997259756269242903","0","0"
"08/05/2026 21:43:23.854","1.2343374768250647833","0","0"
"08/05/2026 21:43:24.858","2.3123373044976358592","0","0"
"08/05/2026 21:43:25.862","1.6016836854933935719","0","0"
"08/05/2026 21:43:26.867","0.51767616852186337795","0","0"
"08/05/2026 21:43:27.871","0","0","0"
"08/05/2026 21:43:28.873","0.29448025257402532517","0","0"
"08/05/2026 21:43:29.877","0.78603732683761862177","0","0"
"08/05/2026 21:43:30.881","0.31313637601565469382","0","0"
"08/05/2026 21:43:31.884","0.71198551647880803372","0","0"
"08/05/2026 21:43:32.887","0","0","0"
"08/05/2026 21:43:33.891","0.36110133266030741694","6","0"
"08/05/2026 21:43:34.895","1.5238141928376358614","0","0"
"08/05/2026 21:43:35.899","2.4017595915097444959","0","0"
"08/05/2026 21:43:36.903","1.5322032087980441695","0","0"
"08/05/2026 21:43:37.906","1.864776116605626477","0","0"
"08/05/2026 21:43:38.909","0.70466136749303132092","0","0"
"08/05/2026 21:43:39.912","1.0780060895320131564","0","0"
"08/05/2026 21:43:40.917","0.83071354251239570843","0","0"
"08/05/2026 21:43:41.920","0","0","0"
"08/05/2026 21:43:42.923","1.1151150371002338524","0","0"
"08/05/2026 21:43:43.927","0.73374381450516112935","0","0"
"08/05/2026 21:43:44.930","1.129649341649896499","0","0"
"08/05/2026 21:43:45.934","1.8826862300255542415","0","0"
"08/05/2026 21:43:46.937","0.68794044389905995018","0","0.99702189559784915041"
"08/05/2026 21:43:47.940","0.35159941661840887761","0","0.99644230240349851435"
"08/05/2026 21:43:48.944","0.34797490642425321639","0","1.9931978138207739892"
"08/05/2026 21:43:49.947","1.4758368955934075828","0","0"
"08/05/2026 21:43:50.951","0.37874010586551598578","0","0"
"08/05/2026 21:43:51.955","0.3938725099339679403","3","0"
"08/05/2026 21:43:52.958","1.5487512254339197426","0","0"
"08/05/2026 21:43:53.962","0.7810367764918613176","0","0"
"08/05/2026 21:43:54.966","0.73891721338993354706","0","0"
"08/05/2026 21:43:55.969","1.5116843865295992444","0","0"
"08/05/2026 21:43:56.973","1.4953396038090094322","2","0.99678357874809564443"
"08/05/2026 21:43:57.976","0.34056618318221154595","0","0"
"08/05/2026 21:43:58.979","0.33287822003291722694","0","0"
"08/05/2026 21:43:59.982","0","0","0"
"08/05/2026 21:44:00.987","1.6212444794666880377","0","0.99544969987689280178"
"08/05/2026 21:44:01.990","0.70252337408200915547","0","0"
"08/05/2026 21:44:02.994","0.74475279649737213816","0","0"
"08/05/2026 21:44:03.997","0","0","0"
"08/05/2026 21:44:05.001","1.9414668132069934359","0","0"
"08/05/2026 21:44:06.005","1.1315705062252878754","0","0"
"08/05/2026 21:44:07.008","0.30975752142941015421","0","0"
"08/05/2026 21:44:08.011","1.8764365289692164218","0","0"
"08/05/2026 21:44:09.014","0","0","0.99726738763115185815"
"08/05/2026 21:44:10.017","1.4788423708252174116","0","0"
"08/05/2026 21:44:11.022","1.6552247359453042819","1","0"
"08/05/2026 21:44:12.025","0.71736913816629055418","0","0"
"08/05/2026 21:44:13.028","0","0","0"
"08/05/2026 21:44:14.031","1.1370872817468069549","0","0"
"08/05/2026 21:44:15.035","1.1722225702896715838","0","0"
"08/05/2026 21:44:16.039","1.1689936870675321501","0","0.99613767539120556815"
"08/05/2026 21:44:17.043","0","0","0"
"08/05/2026 21:44:18.047","0.3406456391408574369","1","0"
"08/05/2026 21:44:19.051","0.4148418931258057718","1","0"
"08/05/2026 21:44:20.054","1.137451761304020259","1","0"
"08/05/2026 21:44:21.058","1.1420617031956736831","0","1.992726746647411451"
"08/05/2026 21:44:22.061","0","0","0.9968798657083195458"
"08/05/2026 21:44:23.065","0.73584089254391527035","0","0.99653385594226162603"
"08/05/2026 21:44:24.069","0.38506154459935215684","0","0"
"08/05/2026 21:44:25.072","0.7092342092692938138","0","0"
"08/05/2026 21:44:26.075","0.31429904653617057875","0","0"
"08/05/2026 21:44:27.079","0.3905487365138737843","1","0"
"08/05/2026 21:44:28.082","0.71925910849904850508","0","0.99676172052236700072"
"08/05/2026 21:44:29.085","3.4064446422458871666","0","0"
"08/05/2026 21:44:30.089","1.5537039591942636285","0","0"
"08/05/2026 21:44:31.093","0","0","0"
"08/05/2026 21:44:32.096","0.73245778162895902597","1","0"
"08/05/2026 21:44:33.100","0.34711094316277613103","0","0"
"08/05/2026 21:44:34.104","0.78358644915085262639","0","0"
"08/05/2026 21:44:35.107","0","0","0"
"08/05/2026 21:44:36.111","1.6086488858658598566","4","0"
"08/05/2026 21:44:37.115","0.38738350429016188414","0","0"
"08/05/2026 21:44:38.118","1.8583871485857272887","0","0.99701980809163337494"
"08/05/2026 21:44:39.122","0","0","0"
"08/05/2026 21:44:40.126","1.1536240674132391959","8","0"
"08/05/2026 21:44:41.130","1.610098620743205533","0","0"
"08/05/2026 21:44:42.134","0.32602360937609153879","0","0"
"08/05/2026 21:44:43.137","0.33019609336230049124","0","0"
"08/05/2026 21:44:44.140","0","0","0"
"08/05/2026 21:44:45.143","0.71317311450291853703","0","0"
"08/05/2026 21:44:46.147","3.838990626221205904","0","0"
"08/05/2026 21:44:47.150","0.67077807045229365102","1","0"
"08/05/2026 21:44:48.153","0","0","0.9968603882073410194"
"08/05/2026 21:44:49.156","0.74471323553223500724","0","0.99644160737589992927"
"08/05/2026 21:44:50.160","1.4937982672625804703","0","0"
"08/05/2026 21:44:51.163","1.8968453613240732203","0","0"
"08/05/2026 21:44:52.166","1.1144251672838723088","0","0"
"08/05/2026 21:44:53.170","0","0","1.9934960198855213864"
"08/05/2026 21:44:54.173","1.8718098681147155027","0","0"
"08/05/2026 21:44:55.177","1.1860905868656068662","0","0"
"08/05/2026 21:44:56.180","1.8398710762997039225","0","0.99719419469438852488"
"08/05/2026 21:44:57.183","1.9159165694170754435","0","0.99643336640827817607"
"08/05/2026 21:44:58.186","0","0","0"
"08/05/2026 21:44:59.191","47.127766287708347193","17","0"
"08/05/2026 21:45:01.242","96.237368178451703216","46","0"
"08/05/2026 21:45:03.168","97.809255127114141715","0","0"
"08/05/2026 21:45:04.173","79.786139595999443941","1","0.99507893662680579894"
"08/05/2026 21:45:05.187","75.743575236730336542","6","0.98492425686233675552"
"08/05/2026 21:45:06.195","36.055120298356634123","1","0"
"08/05/2026 21:45:07.198","5.3668551881354780164","0","0"
"08/05/2026 21:45:08.202","2.3062732833354027129","0","1.992817884344821433"
"08/05/2026 21:45:09.205","1.076802836166390609","0","0"
"08/05/2026 21:45:10.209","0.76135572727404898785","0","0"
"08/05/2026 21:45:11.213","0.82637905570503988884","0","0"
"08/05/2026 21:45:12.216","0","0","0"
"08/05/2026 21:45:13.220","0.35469741906708485146","0","0"
"08/05/2026 21:45:14.223","0.6956927622650432852","0","0"
"08/05/2026 21:45:15.227","1.1759926150982535908","0","0"
"08/05/2026 21:45:16.230","1.8960045325914554049","0","0"
"08/05/2026 21:45:17.234","0","0","0"
"08/05/2026 21:45:18.237","0.35698107958428426656","0","0"
"08/05/2026 21:45:19.241","0.39232475050519077797","0","0"
"08/05/2026 21:45:20.244","0.69686101998656102552","0","0.99692896033767974817"
"08/05/2026 21:45:21.248","0","0","0"
"08/05/2026 21:45:22.252","0.77900075733555729229","0","0"
"08/05/2026 21:45:23.255","1.5316047415581346414","0","0.99638710037404376596"
"08/05/2026 21:45:24.259","0.75081514168778840101","0","0.99640387876116309762"
"08/05/2026 21:45:25.263","0","0","0"
"08/05/2026 21:45:26.266","2.2630051421966612679","0","0"
"08/05/2026 21:45:27.269","0.30120998439514545808","2","0.9970241819242107173"
"08/05/2026 21:45:28.274","0.84119759811417393891","0","0"
"08/05/2026 21:45:29.277","0.34862038644007942167","0","0"
"08/05/2026 21:45:30.281","0","0","0.99653306147911413504"
"08/05/2026 21:45:31.284","0.31504433388718222631","0","0"
"08/05/2026 21:45:32.287","0.74345723257536189266","0","0"
"08/05/2026 21:45:33.291","0.38067532537913173485","0","0"
"08/05/2026 21:45:34.293","1.0010474743973429845","0","0.99777426494718235439"
"08/05/2026 21:45:35.296","1.0899679919036731057","0","0"
"08/05/2026 21:45:36.301","1.2169228833154299707","0","0"
"08/05/2026 21:45:37.305","0.77543271683756520574","0","0"
"08/05/2026 21:45:38.308","2.6443841417702174112","0","0"
"08/05/2026 21:45:39.311","0","0","0"
"08/05/2026 21:45:40.315","1.8982532283260522554","0","0"
"08/05/2026 21:45:41.320","0.87809172053674444669","0","0"
"08/05/2026 21:45:42.323","0.36545949457390536352","0","0.99635334675089171075"
"08/05/2026 21:45:43.327","0","0","0"
"08/05/2026 21:45:44.331","0.73655311240327092648","0","0"
"08/05/2026 21:45:45.334","1.1564896184614315011","0","0"
"08/05/2026 21:45:46.338","3.8100865630133040618","0","0"
"08/05/2026 21:45:47.341","0.7230785545365714384","0","0"
"08/05/2026 21:45:48.344","0","0","0"
"08/05/2026 21:45:49.348","0.34883885470521347472","0","0"
"08/05/2026 21:45:50.352","1.1695843522048776641","0","0"
"08/05/2026 21:45:51.355","2.7009445624169070577","0","0"
"08/05/2026 21:45:52.359","0","0","0"
"08/05/2026 21:45:53.363","3.0742594942315792927","5","0.99620287312878241792"
"08/05/2026 21:45:54.367","2.7771500206379973186","0","0"
"08/05/2026 21:45:55.371","1.8937752889816916735","0","0"
"08/05/2026 21:45:56.375","1.5948058434460343769","0","0"
"08/05/2026 21:45:57.378","0.74328901978381045623","0","0"
"08/05/2026 21:45:58.382","0.36688896806400528305","0","0"
"08/05/2026 21:45:59.385","0.31970461139986250387","0","0"
"08/05/2026 21:46:00.389","0.0064244902764576394816","0","0"
"08/05/2026 21:46:01.393","0.71682480043568919115","0","0"
"08/05/2026 21:46:02.396","1.131866063379438625","0","0"
"08/05/2026 21:46:03.400","0.39165007108550309312","0","0"
"08/05/2026 21:46:04.403","0.70335485422211574402","0","0"
"08/05/2026 21:46:05.406","0","0","0"
"08/05/2026 21:46:06.410","2.6669444110829942929","0","0.99671174827127817508"
"08/05/2026 21:46:07.413","1.0988906927620556431","0","0"
"08/05/2026 21:46:08.416","2.2935003621384564276","0","0"
"08/05/2026 21:46:09.421","0","0","0.9954775455107447435"
"08/05/2026 21:46:10.424","1.4952217849686588735","0","0"
"08/05/2026 21:46:11.428","0.74345723257536189266","7","0"
"08/05/2026 21:46:12.431","0.69913784861812544591","0","0"
"08/05/2026 21:46:13.434","0.30649770346048432756","0","0"
"08/05/2026 21:46:14.437","0","0","0"
"08/05/2026 21:46:15.440","0.36377186890662605023","1","0"
"08/05/2026 21:46:16.445","2.7978105874030601008","0","0"
"08/05/2026 21:46:17.448","1.5104771306724606994","0","0"
"08/05/2026 21:46:18.452","0","0","0"
"08/05/2026 21:46:19.456","0.38010965360569803906","0","0"
"08/05/2026 21:46:20.459","0.31643550712617818377","0","0"
"08/05/2026 21:46:21.462","1.4725855217291305976","0","0"
"08/05/2026 21:46:22.465","0.32374846498572917852","0","0"
"08/05/2026 21:46:23.468","0","0","0"
"08/05/2026 21:46:24.472","1.1253141318838699725","0","0"
"08/05/2026 21:46:25.475","1.1472326007422761762","0","0"
"08/05/2026 21:46:26.479","2.2835676592467213375","0","0"
"08/05/2026 21:46:27.482","0.76919551909465644357","0","0"
"08/05/2026 21:46:28.486","0","0","0.99665343708894271746"
"08/05/2026 21:46:29.488","0.22819806538485476466","4","0"
"08/05/2026 21:46:30.493","0.45323641460430774686","0","0"
"08/05/2026 21:46:31.497","1.947278489750525754","0","0"
"08/05/2026 21:46:32.503","0","0","0"
"08/05/2026 21:46:33.507","0.37950427845123702042","0","0"
"08/05/2026 21:46:34.510","0.28865437445140251782","0","0"
"08/05/2026 21:46:35.513","0.34096346170845448498","0","0"
"08/05/2026 21:46:36.517","0.7479670195428389512","0","0"
"08/05/2026 21:46:37.520","1.1128679971714849906","0","0"
"08/05/2026 21:46:38.523","1.4707586008601558625","0","0"
"08/05/2026 21:46:39.526","0.31978410062677431469","0","0"
"08/05/2026 21:46:40.529","0.27592653885962770133","0","0"
"08/05/2026 21:46:41.532","0.3320835308834535482","0","0"
"08/05/2026 21:46:42.537","1.221132054733864436","0","0"
"08/05/2026 21:46:43.540","0.31201342916804541971","0","0"
"08/05/2026 21:46:44.542","0.25088896407755578721","0","0"
"08/05/2026 21:46:45.545","0.23544435133086016876","0","0"
"08/05/2026 21:46:46.549","3.8875655102319495171","0","0"
"08/05/2026 21:46:47.552","1.1046871207715192043","0","0"
"08/05/2026 21:46:48.556","0.39505314023520199385","0","0"
"08/05/2026 21:46:49.559","1.1329596094852179","0","0"
"08/05/2026 21:46:50.563","0","0","0"
"08/05/2026 21:46:51.567","3.5050549904147576541","0","0"
"08/05/2026 21:46:52.571","1.1638152204263008116","0","0"
"08/05/2026 21:46:53.574","2.2712273819943451514","0","0"
"08/05/2026 21:46:54.577","0","0","0.99701722357223898641"
"08/05/2026 21:46:55.581","1.1819670055956077448","1","0"
"08/05/2026 21:46:56.584","3.8247085341836961625","0","0"
"08/05/2026 21:46:57.588","0.7545036125047532849","0","0.99638034946645814838"
"08/05/2026 21:46:58.591","0.31227180855968317275","0","0"
"08/05/2026 21:46:59.595","0","0","0"
"08/05/2026 21:47:00.598","0.30404276079241121522","1","0"
"08/05/2026 21:47:01.601","2.2739546070251415166","0","0"
"08/05/2026 21:47:02.605","0.75147777709803076363","0","0"
"08/05/2026 21:47:03.608","0.31414005045898862889","0","0"
"08/05/2026 21:47:04.612","0","0","0"
"08/05/2026 21:47:05.615","0.72229695034827789968","0","0"
"08/05/2026 21:47:06.619","3.4524410461918453308","0","0.99667181381213720837"
"08/05/2026 21:47:07.622","0.35112278375915018103","0","0"
"08/05/2026 21:47:08.625","0.30368494528816292188","0","0"
"08/05/2026 21:47:09.629","0.7679103281413746096","0","0"
"08/05/2026 21:47:10.632","0.3094693144072846458","0","0"
"08/05/2026 21:47:11.637","1.2289987030791982292","0","1.9909699557656248547"
"08/05/2026 21:47:12.640","0","0","0"
"08/05/2026 21:47:13.644","21.776144979227485265","0","0"
"08/05/2026 21:47:14.647","1.4791763011989256249","1","0"
"08/05/2026 21:47:15.651","0.38875281439127995498","0","0"
"08/05/2026 21:47:16.653","2.5877870758176602095","0","0.99753459325277582526"
"08/05/2026 21:47:17.657","0","0","0"
"08/05/2026 21:47:18.661","0.77459255917377012324","1","0"
"08/05/2026 21:47:19.665","1.5415226614720389797","0","0"
"08/05/2026 21:47:20.668","0.75408830241008306672","1","0"
"08/05/2026 21:47:21.672","0.76301677953479751793","0","0"
"08/05/2026 21:47:22.676","1.1500689776375416784","0","0"
"08/05/2026 21:47:23.680","1.9251513677873366426","0","0"
"08/05/2026 21:47:24.684","1.2342096676223546226","0","0"
"08/05/2026 21:47:25.687","0","0","0"
"08/05/2026 21:47:26.690","1.1063332613034382312","1","0"
"08/05/2026 21:47:27.694","1.9741790402845182939","0","0"
"08/05/2026 21:47:28.697","0.31235130964150092936","0","0"
"08/05/2026 21:47:29.699","0.19980000039919731947","0","0.9980069800608185604"
"08/05/2026 21:47:30.703","0","0","0"
"08/05/2026 21:47:31.706","2.5720140283330139575","0","0"
"08/05/2026 21:47:32.709","0.38369213301128191063","0","0"
"08/05/2026 21:47:33.713","0.36810994418919884552","0","0.99631701452411014497"
"08/05/2026 21:47:34.716","0.32472212027656599531","0","0"
"08/05/2026 21:47:35.720","0","0","0"
"08/05/2026 21:47:36.723","1.0810634049260081646","0","0"
"08/05/2026 21:47:37.726","2.6696315396788516949","0","0.99665919836707350665"
"08/05/2026 21:47:38.730","2.7150186742335269408","0","0.99624832804624341431"
"08/05/2026 21:47:39.734","0.34323782029932470294","0","0"
"08/05/2026 21:47:40.737","0","2","0"
"08/05/2026 21:47:41.741","1.1295311136988894773","0","0"
"08/05/2026 21:47:42.746","0.4973243232997193175","0","0.99506517328612198448"
"08/05/2026 21:47:43.749","0.69674215296505748185","0","0.99692886095095434307"
"08/05/2026 21:47:44.752","0","0","0.99698481881246536762"
"08/05/2026 21:47:45.756","0.78377429435860790363","0","0"
"08/05/2026 21:47:46.759","4.1986644166012059287","0","0"
"08/05/2026 21:47:47.763","3.9527789267150614805","0","0"
"08/05/2026 21:47:48.767","0","0","0"
"08/05/2026 21:47:49.770","0.71146105589010577575","0","0.99679977432453104047"
"08/05/2026 21:47:50.773","0.33715938978435833207","0","0"
"08/05/2026 21:47:51.777","1.4975584726659718626","0","0"
"08/05/2026 21:47:52.780","1.9276332287261332965","0","0"
"08/05/2026 21:47:53.784","0","0","0"
"08/05/2026 21:47:54.788","1.5696370964930705938","0","0"
"08/05/2026 21:47:55.791","0.35987025659426352675","0","0"
"08/05/2026 21:47:56.795","2.2953208681912418143","0","0"
